0.0150221625565865,0.0,0.7008797653958945,0.0,0.4526748971193414,0.4799770070894807,1.0,0.0570797224672407,0.1739130434782608,0.4122137404580152,0.2234042553191488,0.8915477331181603,0.129690949227373,24.3
0.0002716649724603,0.55,0.3894425135464562,0.0,0.2037037037037036,0.6347959379191416,0.2595262615859938,0.4852094681228346,0.1739130434782608,0.349236641221374,0.5319148936170215,0.9774824751626406,0.0794701986754967,31.2
0.0005651350771744,0.0,0.1081378299120234,0.0,0.2139917695473251,0.6602797470779843,0.858908341915551,0.2084314670498049,0.0434782608695652,0.1583969465648855,0.5531914893617023,1.0,0.1040286975717439,23.6
0.1103426238183079,0.0,0.6466275659824048,0.0,0.588477366255144,0.6194673309063038,0.9876416065911432,0.020769489583428,1.0,0.91412213740458,0.8085106382978724,1.0,0.5383554083885209,13.3
0.0521588879292632,0.0,0.6466275659824048,0.0,0.47119341563786,0.6551063422111517,0.666323377960865,0.1276086897216488,1.0,0.91412213740458,0.8085106382978724,0.943970951636492,0.3031300248003706,29.8
0.1326963687036556,0.0,0.6466275659824048,0.0,0.685185185185185,0.625215558536118,0.7579814624098867,0.0604170266165919,1.0,0.91412213740458,0.8085106382978724,0.1213626506631701,0.579746136865342,8.4
0.7633423805899254,0.0,0.6466275659824048,0.0,0.6337448559670781,0.4065913010155201,1.0,0.0268984895743345,1.0,0.91412213740458,0.8085106382978724,0.9699177971657674,0.5863686534216335,5.0
0.0007000121838986,0.0,0.0890762463343108,0.0,0.1234567901234567,0.7386472504311171,0.6138002059732235,0.2151151688203039,0.0434782608695652,0.1698473282442748,0.574468085106383,1.0,0.1230684326710817,33.2
0.0005540077158696,0.7000000000000001,0.0652492668621701,0.0,0.0308641975308642,0.6667944050584403,0.0731204943357363,0.6090989278796752,0.1739130434782608,0.3263358778625954,0.2340425531914893,0.9361541177063896,0.0830573951434878,29.0
0.0004211537657463,0.8,0.1066715542521994,0.0,0.0267489711934156,0.4265184901322091,0.2904222451081359,0.4984950304176632,0.1304347826086956,0.2862595419847327,0.3723404255319149,1.0,0.2348233995584989,19.4
0.0025059042453468,0.0,0.3894425135464562,0.0,0.1296296296296296,0.4730791339337038,0.850669412976313,0.4146441269812401,0.0869565217391304,0.0877862595419847,0.5638297872340423,0.9895103131776692,0.4710264900662251,16.6
0.0928508614376011,0.0,0.6466275659824048,1.0,0.5823045267489712,0.4433799578463308,0.8928939237899073,0.0,1.0,0.91412213740458,0.8085106382978724,0.8763931615310908,0.1972958057395143,50.0
0.0240852297429197,0.0,0.7008797653958945,0.0,1.0,0.4115730982946924,0.984552008238929,0.0448853767880039,0.1739130434782608,0.4122137404580152,0.2234042553191488,0.6597155681073176,0.3879690949227373,19.4
0.0225230156542865,0.0,0.7008797653958945,0.0,0.4526748971193414,0.8369419429009389,0.96086508753862,0.0833234820722203,0.1739130434782608,0.4122137404580152,0.2234042553191488,0.930404962428766,0.0543598233995585,50.0
0.1353478278266757,0.0,0.6466275659824048,0.0,0.47119341563786,0.3998850354474036,0.8722966014418125,0.0747119642808428,1.0,0.91412213740458,0.8085106382978724,0.7343537243431338,0.3413355408388521,20.8
0.0063950856177393,0.0,0.2104105571847507,0.0,0.2510288065843621,0.915117838666411,0.7250257466529351,0.2463239640262255,0.3043478260869565,0.2290076335877862,0.5106382978723403,0.972288062938121,0.0204194260485651,41.7
0.0405255573143789,0.0,0.2104105571847507,0.0,0.2448559670781892,0.5730982946924698,0.1905252317198764,0.2041939091925906,0.3043478260869565,0.2290076335877862,0.5106382978723403,0.9582429774572596,0.0560154525386313,31.5
0.0069376287795375,0.0,0.2104105571847507,1.0,0.2510288065843621,0.6357539758574439,0.7703398558187435,0.1948276332420955,0.3043478260869565,0.2290076335877862,0.5106382978723403,0.983584648746785,0.2262693156732891,27.5
0.0027612715674113,0.0,0.3713343108504399,0.0,0.2139917695473251,0.4257520597815675,0.7188465499485067,0.2932917458556502,0.1304347826086956,0.1717557251908396,0.6382978723404256,0.9811639517877856,0.3031300248003706,22.5
0.0009213230365152,0.125,0.2716275659824047,0.0,0.2860082304526748,0.4696301973558151,0.6560247167868176,0.4029226418354264,0.1739130434782608,0.2366412213740458,0.2765957446808509,0.9967219728680216,0.2952538631346578,22.9
0.0001599417690571,0.85,0.0102639296187683,0.0,0.0514403292181069,0.5407166123778501,0.3377960865087539,0.7327519573698043,0.0434782608695652,0.2404580152671755,0.5,1.0,0.1114790286975717,24.7
0.0027366564954341,0.0,0.7855571847507332,0.0,0.4917695473251028,0.4399310212684423,0.6757828889651752,0.049013812983659,0.1304347826086956,0.4770992366412213,0.9148936170212764,0.9877452216450654,0.5405629139072847,13.3
0.0170023832784758,0.0,0.7008797653958945,1.0,0.4526748971193414,0.9223989269975092,0.6757828889651752,0.0938810028280697,0.1739130434782608,0.4122137404580152,0.2234042553191488,0.9786928236421404,0.0438741721854304,50.0
0.0653894329181965,0.0,0.6466275659824048,0.0,0.3024691358024692,0.5136999425177237,0.6364572605561277,0.2086588038447198,1.0,0.91412213740458,0.8085106382978724,1.0,0.2486203090507726,23.0
0.0201636778649133,0.112119341563786,0.7008797653958945,0.0,0.4526748971193414,0.4437631730216517,0.7857878475798147,0.1178786748992898,0.1739130434782608,0.4122137404580152,0.2234042553191488,0.5731252206364417,0.287251655629139,23.8
0.0003912560070891,0.25,0.1612903225806451,0.0,0.0843621399176954,0.6066296225330524,0.3151390319258496,0.3883912739044639,0.1304347826086956,0.1793893129770992,0.6808510638297873,1.0,0.0982339955849889,28.0
0.0142423480845427,0.0,0.7008797653958945,1.0,0.4526748971193414,0.5152328032190076,0.9237899073120494,0.0608171393756422,0.1739130434782608,0.4122137404580152,0.2234042553191488,0.8537999899137627,0.1040286975717439,27.0
0.0035553605332501,0.0,0.7855571847507332,0.0,0.4917695473251028,0.4562176662195824,0.933058702368692,0.0761396393529085,0.1304347826086956,0.4770992366412213,0.9148936170212764,0.9529729184527712,0.4185982339955849,17.4
0.0004534118737712,0.8,0.0388563049853372,0.0,0.0390946502057613,0.6794405058440315,0.3470648815653965,0.5619219961989289,0.0434782608695652,0.2709923664122137,0.0,0.8926067880377225,0.1898454746136865,30.3
0.0019899993121267,0.0,1.0,0.0,0.4609053497942387,0.3550488599348532,0.9824922760041196,0.0569069465031054,0.1304347826086956,1.0,0.7978723404255321,0.866735589288416,0.6136865342163356,7.0
0.0013678786573613,0.0,0.2969208211143695,0.0,0.2777777777777778,0.5581529028549531,0.9701338825952626,0.1185152179250516,0.1739130434782608,0.3759541984732824,0.8829787234042552,0.9958142115083968,0.2908388520971302,19.8
0.041481791365797,0.0,0.6466275659824048,0.0,0.685185185185185,0.2686338378999808,0.9114315139031928,0.0566250488774109,1.0,0.91412213740458,0.8085106382978724,0.7960814967976196,0.3385761589403973,21.9
0.0002147917924583,0.55,0.1217008797653958,0.0,0.2037037037037036,0.6006897873155775,0.5509783728115345,0.4185270394383871,0.1739130434782608,0.349236641221374,0.5319148936170215,1.0,0.1503863134657836,23.9
3.079693936869422e-05,0.9,0.0920087976539589,0.0,0.0308641975308642,0.6757999616784826,0.184346035015448,0.5617674071783867,0.0,0.1870229007633587,0.2872340425531916,0.9945030006556056,0.1688741721854304,32.2
0.0084893898923995,0.2,0.1286656891495601,0.0,0.5390946502057613,0.3830235677332821,0.6168898043254376,0.0779219598250416,0.1739130434782608,0.1469465648854961,0.0425531914893617,0.98865298300469,0.2406181015452538,22.8
0.0180566726627033,0.0,0.281524926686217,0.0,0.3148148148148147,0.4857252347192949,0.9680741503604532,0.2391764951941001,0.1304347826086956,0.2290076335877862,0.8936170212765959,0.6253214988148671,0.5135209713024282,13.5
0.0921015067121592,0.0,0.6466275659824048,0.0,0.6748971193415637,0.4550680206936194,0.7971163748712667,0.1500059107566678,1.0,0.91412213740458,0.8085106382978724,0.0080185586766856,0.4197019867549669,13.5
0.0026851783997011,0.0,0.3460410557184751,0.0,0.3271604938271605,0.4255604521939068,0.7085478887744593,0.263901645009048,0.1304347826086956,0.2232824427480915,0.6170212765957446,1.0,0.3921081677704194,19.8
0.0024566741013925,0.125,0.2716275659824047,0.0,0.2860082304526748,0.5395669668518873,0.94129763130793,0.4744155171002738,0.1739130434782608,0.2366412213740458,0.2765957446808509,0.988955570124565,0.5165562913907285,15.0
0.0009605497950542,0.0,0.3894425135464562,0.0,0.257201646090535,0.5470396627706459,0.6757828889651752,0.1379206867389901,0.1739130434782608,0.2080152671755724,0.4255319148936172,0.9964698169347924,0.2017108167770419,23.6
0.0861606197513135,0.0,0.6466275659824048,0.0,0.6337448559670781,0.4188541866257903,0.988671472708548,0.0458129109112568,1.0,0.91412213740458,0.8085106382978724,0.990418074537294,0.5019315673289184,8.5
0.0008164560860372,0.0,0.4534457478005865,0.0,0.1069958847736625,0.5196397777351983,0.6757828889651752,0.2838890960179687,0.1739130434782608,0.4026717557251908,0.6489361702127658,0.9950073125220636,0.1393487858719646,24.1
0.0015193906072482,0.0,0.2364369501466275,0.0,0.1296296296296296,0.4997125886185093,0.0381050463439752,0.4175085705971683,0.0869565217391304,0.0877862595419847,0.5638297872340423,0.9658833022341016,0.1125827814569536,25.3
0.064345821304918,0.0,0.6466275659824048,0.0,0.3024691358024692,0.6706265568116497,0.7631307929969104,0.2074220916803826,1.0,0.91412213740458,0.8085106382978724,0.9959150738816884,0.1456953642384106,25.0
0.0040757613700276,0.22,0.1979472140762463,0.0,0.0946502057613168,0.9001724468288944,0.0566426364572605,0.7072083950931628,0.2608695652173913,0.2729007633587786,0.6914893617021276,1.0,0.0499448123620309,42.8
0.0051325235012118,0.0,0.2104105571847507,0.0,0.2448559670781892,0.7378808200804753,0.7621009268795057,0.2311469595977048,0.3043478260869565,0.2290076335877862,0.5106382978723403,0.947652428261637,0.097130242825607,31.7
0.0005327645715606,0.0,0.4934017595307918,0.0,0.1069958847736625,0.5725234719294884,0.4953656024716786,0.4392874355500186,0.1304347826086956,0.1946564885496183,0.3617021276595744,0.9897876847042212,0.1561810154525386,27.1
0.0117748838146123,0.0,0.281524926686217,0.0,0.3148148148148147,0.4548764131059589,0.2718846549948507,0.3063590648273604,0.1304347826086956,0.2290076335877862,0.8936170212765959,0.9746583287104746,0.1338300220750551,23.1
0.0659293909354491,0.0,0.6466275659824048,0.0,0.6337448559670781,0.5449319793063806,0.9588053553038104,0.04975947767098,1.0,0.91412213740458,0.8085106382978724,1.0,0.4867549668874172,12.5
0.0405255573143789,0.0,0.0733137829912023,0.0,0.2119341563786007,0.575205978156735,0.9546858908341916,0.1561712846347607,0.0869565217391304,0.0114503816793892,0.5531914893617023,1.0,0.1089955849889624,32.5
0.3220132476294224,0.0,0.6466275659824048,0.0,0.4362139917695472,0.3054224947307914,1.0,0.041811783320754,1.0,0.91412213740458,0.8085106382978724,0.5311664733471179,0.5063465783664458,16.3
0.0870621608121759,0.112119341563786,0.3894425135464562,0.0,0.6748971193415637,0.5250047901896916,0.8321318228630278,0.1503605561567351,1.0,0.91412213740458,0.8085106382978724,0.6855867668566241,0.4001103752759382,14.9
0.0058515308776408,0.0,0.2104105571847507,0.0,0.2448559670781892,0.989461582678674,0.8249227600411946,0.1604815902663477,0.3043478260869565,0.2290076335877862,0.5106382978723403,0.9624287659488628,0.0800220750551876,50.0
0.0008297190015317,0.0,0.2016129032258064,0.0,0.2345679012345679,0.4385897681548188,0.3975283213182286,0.2550355100073657,0.1739130434782608,0.1755725190839694,0.7021276595744679,1.0,0.1942604856512141,21.0
0.0005488374267785,0.33,0.063049853372434,0.0,0.1790123456790122,0.7041578846522322,0.3934088568486097,0.2630195782447781,0.2608695652173913,0.0667938931297709,0.6170212765957446,0.9918805789500228,0.1434878587196467,36.1
0.5141040990501504,0.0,0.6466275659824048,0.0,0.6337448559670781,0.1835600689787315,1.0,0.0480680919168129,1.0,0.91412213740458,0.8085106382978724,0.2217711432750012,0.972682119205298,7.0
0.0003311232970079,0.2,0.1052052785923753,0.0,0.1191358024691358,0.8160567158459476,0.6343975283213182,0.3241913630204876,0.1739130434782608,0.0553435114503816,0.2446808510638298,0.9758182460033284,0.0560154525386313,45.4
0.0003709120434915,0.0,0.1081378299120234,0.0,0.2139917695473251,0.5449319793063806,0.7312049433573636,0.1784593840082204,0.0434782608695652,0.1583969465648855,0.5531914893617023,0.9915527762368248,0.178532008830022,22.0
0.0010529406131603,0.112119341563786,0.2063782991202346,0.0,0.0987654320987654,0.6554895573864726,0.1524201853759011,0.3966663332393674,0.2608695652173913,0.2709923664122137,0.3723404255319149,0.9836855111200768,0.0863686534216335,33.1
0.8264345191878419,0.0,0.6466275659824048,0.0,0.6049382716049384,0.4590917800344892,1.0,0.0611990651910993,1.0,0.91412213740458,0.8085106382978724,0.0406727520298552,0.5212472406181015,8.8
0.0109008801630394,0.0,0.7855571847507332,0.0,0.4917695473251028,0.4207702625023951,0.9835221421215244,0.1106129909338086,0.1304347826086956,0.4770992366412213,0.9148936170212764,0.6617580311664734,0.4299116997792494,15.6
0.0205400973902628,0.0,0.7008797653958945,1.0,0.4526748971193414,0.8126077792680589,0.9814624098867148,0.0828506215387973,0.1739130434782608,0.4122137404580152,0.2234042553191488,0.981617832467598,0.005242825607064,50.0
0.1047856870212705,0.0,0.6466275659824048,0.0,0.6748971193415637,0.5027783100210766,0.9866117404737385,0.1029381007374805,1.0,0.91412213740458,0.8085106382978724,1.0,0.4525386313465783,14.1
0.0014928647762591,0.0,0.1315982404692082,0.0,0.257201646090535,0.3853228587852079,0.8815653964984552,0.1333557638970982,0.1739130434782608,0.2080152671755724,0.4255319148936172,1.0,0.3576158940397351,23.1
0.0003640557905664,0.525,0.1781524926686217,0.0,0.0411522633744856,0.5073768921249281,0.2924819773429454,0.5626676608862498,0.217391304347826,0.2022900763358778,0.4255319148936172,1.0,0.1492825607064017,23.2
0.0915525568877917,0.0,0.6466275659824048,0.0,0.648148148148148,0.350450277831002,0.988671472708548,0.0544244287026343,1.0,0.91412213740458,0.8085106382978724,1.0,0.5275938189845475,11.5
0.0009209858437484,0.0,0.3793988269794722,0.0,0.0576131687242797,0.5472312703583061,0.0381050463439752,0.3780792768871227,0.1304347826086956,0.2251908396946564,0.7021276595744679,0.9667910635937264,0.1376931567328918,24.2
0.0042826853312604,0.0,0.9233870967741936,0.0,0.4032921810699587,0.3931787698792873,0.6757828889651752,0.0570706289954442,0.0434782608695652,0.0019083969465648,0.6914893617021276,0.9051641535125322,0.7044701986754967,15.7
0.1149454174828605,0.0,0.6466275659824048,0.0,0.47119341563786,0.5027783100210766,0.9660144181256436,0.0946539479307805,1.0,0.91412213740458,0.8085106382978724,0.9566291794845933,0.4497792494481236,14.6
0.0031986105859645,0.0,0.7855571847507332,0.0,0.4917695473251028,0.5006706265568118,0.9340885684860968,0.0438578144749884,0.1304347826086956,0.4770992366412213,0.9148936170212764,0.9777598466891926,0.6189293598233996,14.0
0.0636175973261962,0.0,0.6466275659824048,0.0,0.7304526748971193,0.5092929680015329,1.0,0.0795860651638189,1.0,0.91412213740458,0.8085106382978724,0.9969489132079278,0.4100441501103752,18.4
0.0763724757187488,0.0,0.6466275659824048,0.0,0.6748971193415637,0.4828511209043878,0.839340885684861,0.1443952386581672,1.0,0.91412213740458,0.8085106382978724,1.0,0.3578918322295805,20.0
0.0006694400397078,0.0,0.0733137829912023,0.0,0.2119341563786007,0.8055182985246215,0.8280123583934088,0.1465322045303677,0.0869565217391304,0.0114503816793892,0.5531914893617023,0.99662111049473,0.1608719646799117,39.8
0.0002097339009561,0.0,0.0524193548387096,0.0,0.2736625514403291,0.5707990036405443,0.5849639546858908,0.4671589266065891,0.0,0.448473282442748,0.3510638297872339,0.9825003782338998,0.1909492273730684,16.5
0.097903133060312,0.0,0.6466275659824048,0.0,0.6337448559670781,0.5575780800919717,0.9876416065911432,0.054206185379516,1.0,0.91412213740458,0.8085106382978724,0.987593928085128,0.4246688741721854,13.1
0.0023352847053407,0.22,0.1979472140762463,0.0,0.0946502057613168,0.551255029699176,0.0617919670442842,0.5698969709645446,0.2608695652173913,0.2729007633587786,0.6914893617021276,0.9499974784406676,0.0513245033112582,24.8
0.0068025268776354,0.2,0.1286656891495601,0.0,0.5390946502057613,0.9854378233378044,0.8650875386199794,0.0610535696423537,0.1739130434782608,0.1469465648854961,0.0425531914893617,0.9818447728075042,0.0935430463576159,50.0
0.0021383641295233,0.22,0.1979472140762463,0.0,0.0946502057613168,0.5106342211151561,0.7857878475798147,0.6298047631605271,0.2608695652173913,0.2729007633587786,0.6914893617021276,0.947652428261637,0.2323399558498896,20.5
0.0013147145977942,0.0,0.3500733137829912,0.0,0.3333333333333333,0.4506610461774286,0.9268795056642636,0.1112859078467568,0.217391304347826,0.4675572519083968,0.5531914893617023,0.9950829593020324,0.3995584988962472,18.8
0.0014561107646767,0.0,0.3713343108504399,1.0,0.2139917695473251,0.4795937919141598,0.5787847579814624,0.2827705989869872,0.1304347826086956,0.1717557251908396,0.6382978723404256,0.9607141056029048,0.3567880794701987,24.4
0.0073095524013295,0.2,0.1286656891495601,0.0,0.5390946502057613,0.6286644951140065,1.0,0.0801225799998181,0.1739130434782608,0.1469465648854961,0.0425531914893617,0.9874678501185132,0.1426600441501103,30.1
0.0005447911135768,0.33,0.3894425135464562,0.0,0.1790123456790122,0.58536118030274,0.568486096807415,0.2037301421309642,0.2608695652173913,0.0667938931297709,0.6170212765957446,0.9910736799636896,0.1986754966887417,28.4
0.0032914509944264,0.2,0.2382697947214076,0.0,0.1625514403292181,0.4397394136807816,0.4037075180226571,0.3000300084569288,0.0869565217391304,0.0687022900763358,0.6382978723404256,0.9791971355085984,0.3109823399558499,21.1
0.0004618416929414,0.0,0.4204545454545454,0.0,0.3868312757201645,0.4730791339337038,0.6757828889651752,0.1250716110903982,0.0,0.1641221374045801,0.8936170212765959,1.0,0.1697019867549669,11.9
0.000677982256467,0.0,0.1315982404692082,0.0,0.257201646090535,0.571948649166507,0.3110195674562307,0.1821149596704525,0.1739130434782608,0.2080152671755724,0.4255319148936172,0.9850219375661908,0.0993377483443708,29.4
0.1113885957809542,0.0,0.6466275659824048,0.0,0.6337448559670781,0.43897298333014,0.7713697219361483,0.0337185934217825,1.0,0.91412213740458,0.8085106382978724,0.8518836048212215,0.7792494481236203,6.3
0.0018532114463906,0.0,0.2969208211143695,0.0,0.2777777777777778,0.4359072619275724,0.9165808444902164,0.0983368040084023,0.1739130434782608,0.3759541984732824,0.8829787234042552,0.996898482021282,0.4671633554083885,19.5
0.0640875316455411,0.0,0.6466275659824048,0.0,0.3024691358024692,0.6110365970492432,0.741503604531411,0.2002473424328674,1.0,0.91412213740458,0.8085106382978724,0.9903424277573252,0.1658388520971302,23.7
0.0135000744072038,0.0,0.7008797653958945,0.0,0.4526748971193414,0.4433799578463308,0.944387229660144,0.1178786748992898,0.1739130434782608,0.4122137404580152,0.2234042553191488,0.7362196782490292,0.3504415011037527,17.4
0.0405255573143789,0.21,0.189882697947214,0.0,0.111111111111111,0.4669476911285687,0.1905252317198764,0.5169729651083488,0.1304347826086956,0.1068702290076335,0.4468085106382979,1.0,0.184878587196468,23.4
0.0013824903439231,0.0,0.4934017595307918,0.0,0.1069958847736625,0.5972408507376893,0.2904222451081359,0.4392874355500186,0.1304347826086956,0.1946564885496183,0.3617021276595744,1.0,0.1252759381898454,28.6
0.0033398943552582,0.0,0.2536656891495601,0.0,0.2222222222222222,0.5271124736539566,0.2677651905252317,0.3897734816175467,0.1739130434782608,0.1908396946564884,0.7446808510638299,1.0,0.1219646799116997,23.0
0.000318534767047,0.112119341563786,0.2052785923753665,0.0,0.1088477366255143,0.4732707415213643,0.2100926879505664,0.5011503241822696,0.0,0.2232824427480915,0.457446808510638,0.9126279691361138,0.1683222958057395,19.4
0.0295511244929182,0.0,0.3460410557184751,0.0,0.3271604938271605,0.2705499137765855,0.3594232749742533,0.1263810710291082,0.1304347826086956,0.2232824427480915,0.6170212765957446,0.882873569015079,0.3010485651214128,16.1
0.0007050700754007,0.0,0.063049853372434,0.0,0.1502057613168724,0.6871048093504503,0.5283213182286303,0.4485445898389545,0.0869565217391304,0.0667938931297709,0.6489361702127658,1.0,0.3031300248003706,36.2
0.0004254248741259,0.7000000000000001,0.0652492668621701,0.0,0.0308641975308642,0.6342211151561602,0.4582904222451081,0.6090989278796752,0.1739130434782608,0.3263358778625954,0.2340425531914893,0.984769781632962,0.1197571743929359,24.8
0.0010241668303924,0.0,0.3894425135464562,0.0,0.2345679012345679,0.4368652998658747,0.6024716786817713,0.2044485264028953,0.1739130434782608,0.1755725190839694,0.7021276595744679,0.9512330425134904,0.2671081677704194,20.0
0.0111962610267654,0.0,0.281524926686217,0.0,0.3148148148148147,0.5964744203870475,0.8692070030895983,0.282752412043394,0.1304347826086956,0.2290076335877862,0.8936170212765959,0.9579656059307076,0.2828366445916115,21.0
0.1536675108474913,0.0,0.6466275659824048,0.0,0.7304526748971193,0.4548764131059589,0.8753861997940269,0.0628358901144868,1.0,0.91412213740458,0.8085106382978724,0.1730546169751374,0.8910044150110377,8.4
0.0265516824345497,0.0,0.3894425135464562,0.0,1.0,0.2615443571565434,0.9557157569515964,0.03011757859033,0.1739130434782608,0.4122137404580152,0.2234042553191488,0.9869131070654092,0.7671081677704195,14.6
0.0015536718718739,0.125,0.2716275659824047,0.0,0.2860082304526748,0.5002874113814907,0.9598352214212152,0.4383871818421554,0.1739130434782608,0.2366412213740458,0.2765957446808509,1.0,0.4806843267108167,27.1
0.0095056888915664,0.0,0.281524926686217,0.0,0.3148148148148147,0.4606246407357731,0.8887744593202884,0.2621375114805081,0.1304347826086956,0.2290076335877862,0.8936170212765959,0.9889807857178878,0.3338852097130242,19.6
0.0015083756435323,0.0,0.3713343108504399,0.0,0.2139917695473251,0.5391837516765664,0.3027806385169928,0.2560539788485846,0.1304347826086956,0.1717557251908396,0.6382978723404256,0.9720359070048918,0.211092715231788,28.1
0.0003352820077985,0.8,0.3894425135464562,0.0,0.0534979423868312,0.5880436865299866,0.2111225540679711,0.3625658140021278,0.1304347826086956,0.1106870229007633,0.7021276595744679,1.0,0.0819536423841059,27.9
0.0008555704469872,0.112119341563786,0.1638563049853372,0.0,0.088477366255144,0.5594941559685763,0.160659114315139,0.4601569533232092,0.217391304347826,0.215648854961832,0.4255319148936172,0.955897927278229,0.1277593818984547,23.7
0.0453197194376344,0.0,0.6466275659824048,0.0,0.3024691358024692,0.5112090438781375,0.9042224510813596,0.1791141139775754,1.0,0.91412213740458,0.8085106382978724,0.996041151848303,0.3073951434878587,19.6
0.0009688672166355,0.3,0.1638563049853372,0.0,0.088477366255144,0.5834451044261352,0.4047373841400618,0.4601569533232092,0.217391304347826,0.215648854961832,0.4255319148936172,0.9669171415603408,0.1556291390728476,23.3
0.0003225810802487,0.8,0.1645894428152492,0.0,0.0534979423868312,0.6323050392795554,0.2574665293511843,0.3625658140021278,0.1304347826086956,0.1106870229007633,0.7021276595744679,1.0,0.0441501103752759,28.5
0.0003005511528171,0.0,0.1733870967741935,0.0,0.2674897119341565,0.4786357539758575,0.3542739443872296,0.3348761923814893,0.1739130434782608,0.0706106870229007,0.8085106382978724,0.9980836149074588,0.1870860927152317,20.6
0.0018556841933472,0.0,0.2364369501466275,0.0,0.1296296296296296,0.4063996934278598,0.3182286302780638,0.3610835780992825,0.0869565217391304,0.0877862595419847,0.5638297872340423,1.0,0.2339955849889625,19.3
0.0006178495463858,0.2,0.1052052785923753,1.0,0.1191358024691358,0.782525388005365,0.4819773429454171,0.3712227991524884,0.1739130434782608,0.0553435114503816,0.2446808510638298,0.9499974784406676,0.0353200883002207,46.0
9.767350478611417e-05,0.9,0.0274926686217008,1.0,0.0329218106995885,0.8357922973749762,0.2255406797116375,0.4324309578153844,0.0,0.0209923664122136,0.106382978723404,0.9965202481214382,0.0394591611479028,50.0
0.4232396402018301,0.112119341563786,0.6466275659824048,0.0,0.6049382716049384,0.5060356390113049,0.780638516992791,0.0666824286844474,1.0,0.91412213740458,0.8085106382978724,0.0466488476473851,0.352924944812362,10.9
0.0011730936357338,0.0,0.4923020527859238,1.0,0.3395061728395062,0.4579421345085265,0.9361483007209064,0.1600178232047213,0.1739130434782608,0.1698473282442748,0.404255319148936,1.0,0.4467439293598234,21.5
0.0011683729369984,0.25,0.1711876832844574,0.0,0.139917695473251,0.5547039662770646,0.6683831101956745,0.5543289472487702,0.3043478260869565,0.1851145038167939,0.7553191489361701,1.0,0.1379690949227373,22.2
0.0405255573143789,0.0,0.6466275659824048,0.0,0.6337448559670781,0.5043111707223605,0.9237899073120494,0.0601624094062872,1.0,0.91412213740458,0.8085106382978724,1.0,0.3708609271523179,13.8
0.0008627638926791,0.0,0.0733137829912023,0.0,0.2119341563786007,0.391454301590343,0.8949536560247168,0.1689839863961661,0.0869565217391304,0.0114503816793892,0.5531914893617023,0.9851227999394826,0.3380242825607064,26.4
0.0026166158704496,0.0,0.3383431085043988,0.0,0.4115226337448557,0.4709714504694385,0.6426364572605561,0.1163509716374614,0.217391304347826,0.3893129770992365,0.7021276595744679,1.0,0.3087748344370861,21.2
0.0056818105183462,0.0,0.2104105571847507,0.0,0.2510288065843621,0.7275340103468096,0.7075180226570545,0.2744773527084905,0.3043478260869565,0.2290076335877862,0.5106382978723403,0.9827777497604518,0.0827814569536423,31.5
0.0010084311679413,0.4,0.2181085043988269,0.0,0.1275720164609053,0.6309637861659322,0.4109165808444902,0.285325864561831,0.1304347826086956,0.1278625954198473,0.5319148936170215,1.0,0.0344922737306843,32.0
0.0070073152846783,0.0,0.281524926686217,0.0,0.3148148148148147,0.4575589193332056,0.6065911431513903,0.325355327410452,0.1304347826086956,0.2290076335877862,0.8936170212765959,1.0,0.1801876379690949,20.4
0.2031955084125099,0.0,0.6466275659824048,0.0,0.6049382716049384,0.5504885993485343,1.0,0.064118069637807,1.0,0.91412213740458,0.8085106382978724,0.067905592818599,0.7538631346578366,7.2
0.0013006648991771,0.0,0.0890762463343108,0.0,0.1234567901234567,0.5870856485916843,0.5653964984552008,0.2151151688203039,0.0434782608695652,0.1698473282442748,0.574468085106383,0.9018609107872309,0.1357615894039735,28.4
0.0009478488675043,0.2,0.2382697947214076,1.0,0.1625514403292181,0.4520022992910518,0.6035015447991761,0.253516900217334,0.0869565217391304,0.0687022900763358,0.6382978723404256,0.9859801301124614,0.3289183222958057,20.7
0.0025106249440821,0.0,0.3713343108504399,0.0,0.2139917695473251,0.5297949798812033,0.5108135942327497,0.2932917458556502,0.1304347826086956,0.1717557251908396,0.6382978723404256,0.9948812345554492,0.2549668874172185,24.4
0.0412712706817183,0.0,0.6466275659824048,0.0,0.7921810699588477,0.3450852653765089,0.96086508753862,0.0885704152988569,1.0,0.91412213740458,0.8085106382978724,0.9593776791567906,0.2334437086092715,20.8
0.0008153321101478,0.8,0.1645894428152492,0.0,0.0534979423868312,0.6872964169381107,0.2554067971163749,0.3625658140021278,0.1304347826086956,0.1106870229007633,0.7021276595744679,1.0,0.0504966887417218,37.3
0.0026380838099365,0.0,0.2536656891495601,0.0,0.2222222222222222,0.4832343360797088,0.4201853759011329,0.3897734816175467,0.1739130434782608,0.1908396946564884,0.7446808510638299,1.0,0.3051876379690948,22.2
0.1468899362345998,0.0,0.6466275659824048,0.0,0.4012345679012344,0.4123395286453343,0.5540679711637487,0.1540525057061536,1.0,0.91412213740458,0.8085106382978724,1.0,0.3595474613686534,20.1
0.0018127483143733,0.0,0.2536656891495601,0.0,0.2222222222222222,0.5489557386472504,0.5087538619979403,0.3101601360383381,0.1739130434782608,0.1908396946564884,0.7446808510638299,1.0,0.1509381898454746,23.8
0.0473876102788943,0.0,0.6466275659824048,1.0,0.7921810699588477,0.4295842115347766,0.8867147270854789,0.070483499895425,1.0,0.91412213740458,0.8085106382978724,0.8894044076857129,0.3562362030905077,16.8
0.0061982774395109,0.0,0.7855571847507332,0.0,0.4917695473251028,0.5315194481701476,0.9814624098867148,0.0892160517964153,0.1304347826086956,0.4770992366412213,0.9148936170212764,0.9943769226889908,0.4202538631346578,18.1
0.0003402275017118,0.25,0.1612903225806451,0.0,0.0843621399176954,0.5251963977773518,0.3017507723995881,0.3883912739044639,0.1304347826086956,0.1793893129770992,0.6808510638297873,1.0,0.1376931567328918,24.8
0.0459827528147728,0.0,0.7008797653958945,0.0,1.0,0.3653956696685189,1.0,0.0256617774099973,0.1739130434782608,0.4122137404580152,0.2234042553191488,1.0,0.6812913907284768,15.6
0.0023701279579111,0.0,0.3713343108504399,1.0,0.2139917695473251,0.4303506418854187,0.5242018537590113,0.2294282934281479,0.1304347826086956,0.1717557251908396,0.6382978723404256,0.9849715063795452,0.3945916114790287,22.4
0.0389790342529404,0.0,0.6466275659824048,1.0,0.685185185185185,1.0,0.82389289392379,0.070483499895425,1.0,0.91412213740458,0.8085106382978724,0.8932119622774725,0.0982339955849889,21.9
0.0038756936617201,0.0,0.2536656891495601,0.0,0.2222222222222222,0.4751868173979691,0.4840370751802266,0.3265920395747893,0.1739130434782608,0.1908396946564884,0.7446808510638299,1.0,0.1647350993377483,20.4
0.0006118924741721,0.0,0.4204545454545454,0.0,0.3868312757201645,0.6543399118605097,0.9073120494335736,0.0943811437768825,0.0,0.1641221374045801,0.8936170212765959,1.0,0.1078918322295805,23.9
0.0008140957366695,0.45,0.1092375366568915,0.0,0.1069958847736625,0.6171680398543783,0.3934088568486097,0.2417954150715202,0.1739130434782608,0.4026717557251908,0.2765957446808509,0.992359675223158,0.1365894039735099,32.0
0.0542807296132129,0.0,0.6466275659824048,0.0,0.4074074074074073,0.4491281854761449,0.518022657054583,0.183933654029772,1.0,0.91412213740458,0.8085106382978724,0.9781128649957136,0.2682119205298013,20.6
5.215248126669385e-05,0.55,0.0656158357771261,0.0,0.008230452674897,0.5541291435140833,0.2986611740473738,0.5617674071783867,0.0,0.215648854961832,0.2872340425531916,0.9945030006556056,0.1793598233995585,22.0
0.1783533933056895,0.0,0.6466275659824048,0.0,0.588477366255144,0.5717570415788465,0.9907312049433572,0.0354281661195427,1.0,0.91412213740458,0.8085106382978724,1.0,0.5339403973509933,10.9
0.0011607299009507,0.0,0.4204545454545454,0.0,0.3868312757201645,0.6194673309063038,0.8898043254376931,0.1145140903345488,0.0,0.1641221374045801,0.8936170212765959,0.9913006203035958,0.1310706401766004,22.0
0.0019699925412959,0.0,0.2536656891495601,0.0,0.2222222222222222,0.5393753592642269,0.529351184346035,0.3101601360383381,0.1739130434782608,0.1908396946564884,0.7446808510638299,1.0,0.1418322295805739,23.1
0.0653572872077606,0.0,0.6466275659824048,0.0,0.6748971193415637,0.5656255987737114,0.8959835221421216,0.1520428484391056,1.0,0.91412213740458,0.8085106382978724,0.9922335972565436,0.2362030905077262,20.2
0.0013428139950284,0.45,0.1092375366568915,0.0,0.1069958847736625,0.5738647250431118,0.2698249227600412,0.3125517191208432,0.1739130434782608,0.4026717557251908,0.2765957446808509,0.9645468757879871,0.0780905077262693,29.8
0.0029454912156788,0.0,0.3383431085043988,0.0,0.4115226337448557,0.4278597432458325,0.6972193614830071,0.1603270012458056,0.217391304347826,0.3893129770992365,0.7021276595744679,1.0,0.3413355408388521,18.3
0.0005635615109293,0.0,0.4534457478005865,0.0,0.1069958847736625,0.5117838666411191,0.5231719876416066,0.3532359119388191,0.1739130434782608,0.4026717557251908,0.6489361702127658,0.9735236270109436,0.2927704194260485,21.2
0.0013966524401291,0.112119341563786,0.3500733137829912,0.0,0.3333333333333333,0.4428051350833492,0.7229660144181256,0.1225709063463339,0.217391304347826,0.4675572519083968,0.5531914893617023,0.8530687377073982,0.3763796909492273,20.4
0.0430541212374345,0.0,0.6466275659824048,0.0,0.7921810699588477,0.515424410806668,0.9083419155509784,0.106020787676527,1.0,0.91412213740458,0.8085106382978724,0.8833778808815371,0.3438189845474613,19.9
0.0008491637844178,0.0,0.0890762463343108,0.0,0.1234567901234567,0.8160567158459476,0.3501544799176107,0.2151151688203039,0.0434782608695652,0.1698473282442748,0.574468085106383,0.991502345050179,0.0507726269315673,43.8
0.0008579307963549,0.0,0.4934017595307918,0.0,0.1069958847736625,0.4916650699367694,0.1596292481977343,0.3976666151369931,0.1304347826086956,0.1946564885496183,0.3617021276595744,1.0,0.1890176600441501,23.9
0.0003265149958615,0.112119341563786,0.2063782991202346,0.0,0.0987654320987654,0.5803793830235676,0.3861997940267765,0.3966663332393674,0.2608695652173913,0.2709923664122137,0.3723404255319149,0.9971002067678651,0.2144039735099338,22.0
0.1217027605297433,0.0,0.6466275659824048,0.0,0.6049382716049384,0.6171680398543783,0.905252317198764,0.0627358619247242,1.0,0.91412213740458,0.8085106382978724,0.0535831358111856,0.6639072847682119,7.5
0.071786092102181,0.0,0.6466275659824048,0.0,0.4094650205761315,0.4983713355048859,0.9732234809474768,0.0978821304185725,1.0,0.91412213740458,0.8085106382978724,0.7626204044581169,0.6172737306843268,13.3
7.63179628881145e-05,0.9,0.0278592375366568,0.0,0.037037037037037,0.7066487832918183,0.1956745623069001,0.6881030108485119,0.1739130434782608,0.0744274809160305,0.5638297872340423,0.9975540874476776,0.0849889624724061,35.4
0.1717623986904332,0.0,0.6466275659824048,0.0,0.588477366255144,0.5916842306955356,0.9309989701338826,0.0195782447780738,1.0,0.91412213740458,0.8085106382978724,0.914569569821978,0.3031300248003706,13.9
0.0006215586668207,0.0,0.1440615835777126,0.0,0.1172839506172839,0.4477869323625215,0.5087538619979403,0.625994598477753,0.0869565217391304,0.3148854961832061,0.6595744680851063,0.9185788491603208,0.3018763796909492,17.2
0.0034731978957372,0.0,0.2104105571847507,0.0,0.2448559670781892,0.9015136999425178,0.776519052523172,0.1604815902663477,0.3043478260869565,0.2290076335877862,0.5106382978723403,0.9701195219123506,0.0665011037527593,44.8
0.0274610913266377,0.0,0.7008797653958945,0.0,0.4526748971193414,0.5443571565433992,0.9505664263645728,0.1030199419836499,0.1739130434782608,0.4122137404580152,0.2234042553191488,0.8314085430430178,0.2646247240618101,22.3
0.0251325504766332,0.0,0.7008797653958945,0.0,0.4526748971193414,0.4393561985054609,0.9155509783728116,0.1175240294992225,0.1739130434782608,0.4122137404580152,0.2234042553191488,0.995486408795199,0.2734547461368653,22.7
9.070485427203005e-05,0.6,0.0905425219941349,0.0,0.0329218106995885,0.5830618892508143,0.1637487126673532,0.4628577144467986,0.0,0.1488549618320609,0.3191489361702126,0.94906450148772,0.0731236203090507,29.1
0.1031888544752448,0.0,0.6466275659824048,0.0,0.648148148148148,0.3784249856294309,1.0,0.0409933708590602,1.0,0.91412213740458,0.8085106382978724,1.0,0.6034768211920529,11.3
0.0002927957191804,0.0,0.063049853372434,0.0,0.1502057613168724,0.6585552787890402,0.4418125643666323,0.4485445898389545,0.0869565217391304,0.0667938931297709,0.6489361702127658,0.9942760603156992,0.0333885209713024,33.4
0.0008529853024416,0.22,0.1979472140762463,0.0,0.0946502057613168,0.6506993676949607,0.0401647785787847,0.7072083950931628,0.2608695652173913,0.2729007633587786,0.6914893617021276,0.9727419436179332,0.0496688741721854,29.6
0.0754345178390709,0.0,0.6466275659824048,0.0,0.6748971193415637,0.6108449894615827,0.9237899073120494,0.1085760532513708,1.0,0.91412213740458,0.8085106382978724,0.0,0.4334988962472406,13.4
0.119877423685409,0.0,0.6466275659824048,0.0,0.7304526748971193,0.555278789040046,0.9464469618949536,0.0780492684301939,1.0,0.91412213740458,0.8085106382978724,0.1077714458621211,0.613962472406181,11.8
0.0003491069112378,0.0,0.1733870967741935,0.0,0.2674897119341565,0.5267292584786357,0.3666323377960865,0.4845729250970728,0.1739130434782608,0.0706106870229007,0.8085106382978724,0.9810883050078169,0.1385209713024282,20.7
0.157855445011278,0.0,0.6466275659824048,0.0,0.4362139917695472,0.5932170913968192,1.0,0.0361829242786603,1.0,0.91412213740458,0.8085106382978724,0.0875737556104695,0.5378035320088299,17.2
0.0139987825093166,0.0,0.281524926686217,0.0,0.3148148148148147,0.384939643609887,0.98043254376931,0.2426411079486036,0.1304347826086956,0.2290076335877862,0.8936170212765959,0.9487366987745222,0.5322847682119205,13.6
0.0734230505874572,0.0,0.6466275659824048,1.0,0.5061728395061728,0.6620042153669284,0.9742533470648816,0.0066200474679227,1.0,0.91412213740458,0.8085106382978724,0.9877704372383884,0.0339403973509933,50.0
0.0311725721109211,0.0,0.7008797653958945,0.0,1.0,0.2571373826403524,0.9773429454170957,0.0196691794960398,0.1739130434782608,0.4122137404580152,0.2234042553191488,1.0,0.760485651214128,11.8
0.0005314158004933,0.21,0.189882697947214,0.0,0.111111111111111,0.5652423835983905,0.1874356333676622,0.5169729651083488,0.1304347826086956,0.1068702290076335,0.4468085106382979,1.0,0.0979580573951434,25.0
7.51939869987461e-05,0.35,0.0388563049853372,0.0,0.1172839506172839,0.7051159225905345,0.4778578784757981,0.5372695941583537,0.0,0.1851145038167939,0.3085106382978724,0.9945534318422512,0.1037527593818984,32.7
0.0028921023609338,0.0,0.2969208211143695,0.0,0.2777777777777778,0.5112090438781375,0.9093717816683832,0.1287180932808337,0.1739130434782608,0.3759541984732824,0.8829787234042552,0.9857027585859096,0.3813465783664459,19.4
0.0003453977908029,0.2,0.1052052785923753,0.0,0.1191358024691358,0.652807051159226,0.6757828889651752,0.3742054579017723,0.1739130434782608,0.0553435114503816,0.2446808510638298,0.9882243179182006,0.0789183222958057,35.4
0.211360069272882,0.0,0.6466275659824048,0.0,0.4362139917695472,0.2044452960337229,1.0,0.038583600832962,1.0,0.91412213740458,0.8085106382978724,0.0717887941903272,0.9006622516556291,17.9
0.0027824023141314,0.0,0.2364369501466275,0.0,0.1296296296296296,0.3521747461199463,0.9515962924819772,0.4310669370458947,0.0869565217391304,0.0877862595419847,0.5638297872340423,1.0,0.8024282560706402,14.4
0.009376431664289,0.0,0.281524926686217,0.0,0.3148148148148147,0.3904962636520407,0.8527291452111225,0.3023579372368576,0.1304347826086956,0.2290076335877862,0.8936170212765959,0.764284633617429,0.4078366445916115,13.9
0.0546824385960731,0.0,0.6466275659824048,0.0,0.47119341563786,0.5600689787315577,0.9340885684860968,0.1069119479125935,1.0,0.91412213740458,0.8085106382978724,0.9982601240607192,0.4677152317880794,16.7
0.0274290580137907,0.0,0.7008797653958945,0.0,1.0,0.3278405824870666,0.9382080329557158,0.0551791868617519,0.1739130434782608,0.4122137404580152,0.2234042553191488,0.222678904634626,0.3976269315673289,13.1
0.0014032838978764,0.0,0.2969208211143695,0.0,0.2777777777777778,0.4916650699367694,0.8475798146240989,0.0902799879966172,0.1739130434782608,0.3759541984732824,0.8829787234042552,0.9767764385495992,0.3410596026490066,20.4
0.1300617692189761,0.0,0.6466275659824048,0.0,0.648148148148148,0.2826211917991952,0.969104016477858,0.0582345933854086,1.0,0.91412213740458,0.8085106382978724,1.0,0.6608719646799117,9.7
0.0001747782507967,0.6,0.0905425219941349,0.0,0.0329218106995885,0.6206169764322668,0.6757828889651752,0.4628577144467986,0.0,0.1488549618320609,0.3191489361702126,0.9910988955570124,0.0910596026490066,31.1
0.0038890689748036,0.0,0.7855571847507332,0.0,0.4917695473251028,0.5543207511017435,0.9835221421215244,0.0654911838790932,0.1304347826086956,0.4770992366412213,0.9148936170212764,0.9928892026829392,0.3548565121412803,17.1
0.0004396993679209,0.112119341563786,0.1019061583577712,0.0,0.154320987654321,0.4949223989269976,0.3017507723995881,0.4313943020305722,0.1304347826086956,0.4637404580152671,0.457446808510638,0.9285642241161934,0.2030905077262693,19.8
0.0266635180355419,0.0,0.6466275659824048,0.0,0.4074074074074073,0.4426135274956889,0.4016477857878476,0.2359210322909183,1.0,0.91412213740458,0.8085106382978724,0.9340107922739422,0.320364238410596,20.6
0.0042241261874243,0.0,0.2104105571847507,0.0,0.2448559670781892,0.8582103851312511,0.8609680741503605,0.1896989151488146,0.3043478260869565,0.2290076335877862,0.5106382978723403,0.9759947551565888,0.3031300248003706,37.6
0.000850512555485,0.0,0.4934017595307918,0.0,0.1069958847736625,0.469055374592834,0.4057672502574665,0.3976666151369931,0.1304347826086956,0.1946564885496183,0.3617021276595744,1.0,0.2392384105960265,21.7
0.0012219865869213,0.0,0.0890762463343108,0.0,0.1234567901234567,0.4985629430925465,0.6869207003089598,0.2151151688203039,0.0434782608695652,0.1698473282442748,0.574468085106383,0.987215694185284,0.2651766004415011,21.4
0.0083617062313672,0.0,0.281524926686217,0.0,0.3148148148148147,0.4527687296416939,0.9392378990731204,0.2973565277487292,0.1304347826086956,0.2290076335877862,0.8936170212765959,0.993519592516012,0.4020419426048565,15.6
0.0023991265358568,0.0,0.2364369501466275,0.0,0.1296296296296296,0.3910710864150221,0.6086508753861998,0.4508634251470869,0.0869565217391304,0.0877862595419847,0.5638297872340423,1.0,0.3992825607064017,19.4
0.0405255573143789,0.2,0.1286656891495601,0.0,0.5390946502057613,0.9268059015137,0.9124613800205972,0.1053842446507652,0.1739130434782608,0.1469465648854961,0.0425531914893617,0.9746835443037976,0.1153421633554084,48.8
0.0003065082250307,0.75,0.0912756598240469,0.0,0.088477366255144,0.6635370760682123,0.1328527291452111,0.3884276477916503,0.0869565217391304,0.1240458015267175,0.6063829787234043,0.9967724040546674,0.0068984547461368,34.9
0.0059996708998595,0.2,0.1286656891495601,0.0,0.5390946502057613,0.6978348342594368,0.8125643666323378,0.0893433604015677,0.1739130434782608,0.1469465648854961,0.0425531914893617,0.9896616067376066,0.216887417218543,33.8
0.053344457697369,0.0,0.6466275659824048,0.0,0.6748971193415637,0.5679248898256372,0.8609680741503605,0.1187789286071529,1.0,0.91412213740458,0.8085106382978724,0.1275909022139291,0.4525386313465783,14.1
0.0004119371634535,0.525,0.1781524926686217,0.0,0.0411522633744856,0.5755891933320559,0.2059732234809475,0.5626676608862498,0.217391304347826,0.2022900763358778,0.4255319148936172,0.9365071360129104,0.2146799116997792,24.8
0.0009830293128416,0.125,0.2716275659824047,0.0,0.2860082304526748,0.4460624640735774,0.3717816683831102,0.3929561967463558,0.1739130434782608,0.2366412213740458,0.2765957446808509,0.983862020273337,0.3857615894039735,21.7
0.000558616017016,0.112119341563786,0.0733137829912023,0.0,0.2119341563786007,0.8181643993102127,0.5221421215242018,0.1881984923023761,0.0869565217391304,0.0114503816793892,0.5531914893617023,0.9892329416511172,0.0750551876379691,50.0
0.4667071597713743,0.0,0.6466275659824048,0.0,0.6337448559670781,0.3774669476911284,0.8496395468589084,0.0434486082441415,1.0,0.91412213740458,0.8085106382978724,0.8299460386302889,0.7077814569536423,8.5
0.0405255573143789,0.45,0.1092375366568915,0.0,0.1069958847736625,0.6930446445679249,0.2409886714727085,0.4865189280615447,0.1739130434782608,0.4026717557251908,0.2765957446808509,0.983836804680014,0.0314569536423841,36.4
0.0010898070223316,0.25,0.1711876832844574,0.0,0.139917695473251,0.453343552404675,0.4562306900102987,0.5276396075257573,0.3043478260869565,0.1851145038167939,0.7553191489361701,1.0,0.2066777041942605,19.6
0.0011056550823716,0.4,0.2181085043988269,1.0,0.1275720164609053,0.7100977198697068,0.474768280123584,0.33260282443234,0.1304347826086956,0.1278625954198473,0.5319148936170215,0.9807100711079731,0.119205298013245,33.2
0.106859872127511,0.0,0.6466275659824048,0.0,0.6748971193415637,0.6068212301207127,0.9392378990731204,0.124262292100501,1.0,0.91412213740458,0.8085106382978724,0.0160371173533713,0.4685430463576158,14.9
0.0163767782984533,0.0,0.7008797653958945,0.0,0.4526748971193414,0.7526346043303315,0.905252317198764,0.0765033782247724,0.1739130434782608,0.4122137404580152,0.2234042553191488,0.9433405618034192,0.0,50.0
0.0054699410632002,0.0,0.3460410557184751,0.0,0.3271604938271605,0.5890017244682889,0.819773429454171,0.1989560694377506,0.1304347826086956,0.2232824427480915,0.6170212765957446,1.0,0.0775386313465783,22.8
0.0006329108233033,0.0,0.4204545454545454,0.0,0.3868312757201645,0.5809542057865492,0.6817713697219361,0.1226709345360965,0.0,0.1641221374045801,0.8936170212765959,0.9876191436784508,0.3031300248003706,22.4
0.0052731328849718,0.0,0.3460410557184751,0.0,0.3271604938271605,0.488982563709523,0.5756951596292481,0.261191790413662,0.1304347826086956,0.2232824427480915,0.6170212765957446,0.998310555247365,0.303532008830022,21.0
0.0070994813076065,0.0,0.281524926686217,0.0,0.3148148148148147,0.4857252347192949,0.8403707518022657,0.3030217606780092,0.1304347826086956,0.2290076335877862,0.8936170212765959,0.9574360784709264,0.2353752759381898,18.2
0.0014980350653502,0.0,0.2969208211143695,0.0,0.2777777777777778,0.4993293734431884,0.8970133882595263,0.1174330947812565,0.1739130434782608,0.3759541984732824,0.8829787234042552,0.9893842352110546,0.2924944812362031,20.1
0.0396616248105538,0.0,0.7008797653958945,1.0,1.0,0.4964552596282813,0.6757828889651752,0.0560066927952423,0.1739130434782608,0.4122137404580152,0.2234042553191488,0.2211155378486055,0.3667218543046357,15.6
0.0571412482516555,0.0,0.6466275659824048,0.0,0.6748971193415637,0.5242383598390495,0.9155509783728116,0.1126317416726532,1.0,0.91412213740458,0.8085106382978724,0.9702203842856422,0.4288079470198675,16.1
0.0031839988994028,0.0,0.3383431085043988,0.0,0.4115226337448557,0.350450277831002,0.7209062821833162,0.1517700442852076,0.217391304347826,0.3893129770992365,0.7021276595744679,1.0,0.5355960264900663,19.7
8.991807114947215e-05,1.0,0.031524926686217,0.0,0.0534979423868312,0.6236826978348343,0.3872296601441813,0.6542934827087634,0.1739130434782608,0.131679389312977,0.2659574468085106,0.9899137626708356,0.0612582781456953,31.6
0.0747286609805475,0.0,0.6466275659824048,0.0,0.6748971193415637,0.5280705115922592,0.8249227600411946,0.1459320353917922,1.0,0.91412213740458,0.8085106382978724,1.0,0.3383002207505519,19.5
0.008951231585341,0.0,0.281524926686217,0.0,0.3148148148148147,0.3630963786165934,0.3470648815653965,0.2425137993434513,0.1304347826086956,0.2290076335877862,0.8936170212765959,0.7278985324524686,0.2748344370860927,20.2
0.1519152324359659,0.0,0.6466275659824048,0.0,0.5061728395061728,0.0578654914734623,1.0,0.0346461275450354,1.0,0.91412213740458,0.8085106382978724,0.3305764284633617,0.3200883002207505,23.1
0.0018589437234264,0.25,0.1711876832844574,0.0,0.139917695473251,0.4608162483234336,0.9320288362512874,0.5173185170366195,0.3043478260869565,0.1851145038167939,0.7553191489361701,0.9525442533662816,0.3507174392935982,16.0
0.0926355076571981,0.0,0.3894425135464562,0.0,0.6748971193415637,0.7342402759149261,0.9927909371781668,0.1203157253407778,1.0,0.91412213740458,0.8085106382978724,0.9469716072419184,0.4141832229580573,17.8
0.0022607651038756,0.0,1.0,0.0,0.4609053497942387,0.2935428242958421,0.9794026776519054,0.0630177595504187,0.1304347826086956,1.0,0.7978723404255321,0.8021332391951183,0.7712472406181015,8.1
0.1599404202860563,0.0,0.6466275659824048,0.0,0.6337448559670781,0.5330523088714313,1.0,0.0404204821358746,1.0,0.91412213740458,0.8085106382978724,1.0,0.5129690949227372,7.2
0.0018964845181313,0.0,0.2016129032258064,0.0,0.2345679012345679,0.4608162483234336,0.2811534500514933,0.2471332830161227,0.1739130434782608,0.1755725190839694,0.7021276595744679,0.99125018911695,0.2317880794701987,24.7
0.0092046881483935,0.2,0.1286656891495601,0.0,0.5390946502057613,0.7215941751293352,0.9433573635427396,0.0863152342933008,0.1739130434782608,0.1469465648854961,0.0425531914893617,0.991224973523627,0.2626931567328918,31.0
0.1563122261151751,0.0,0.6466275659824048,0.0,0.6748971193415637,0.5071852845372676,0.9485066941297632,0.0993552728496212,1.0,0.91412213740458,0.8085106382978724,0.2529376166221191,0.3708609271523179,11.7
0.0037511571331781,0.0,0.7855571847507332,0.0,0.4917695473251028,0.5550871814523856,0.988671472708548,0.0899253425965499,0.1304347826086956,0.4770992366412213,0.9148936170212764,0.9953098996419386,0.2999448123620309,19.2
0.0845195025552467,0.0,0.6466275659824048,0.0,0.6748971193415637,0.5472312703583061,0.9824922760041196,0.0959725013412871,1.0,0.91412213740458,0.8085106382978724,0.7662766654899389,0.4850993377483443,13.0
0.1781949127052886,0.0,0.6466275659824048,0.0,0.6049382716049384,0.4474037171872006,0.9526261585993822,0.0709290800134583,1.0,0.91412213740458,0.8085106382978724,0.0185586766856624,0.6252759381898454,8.3
0.0306581283463572,0.0,0.7008797653958945,0.0,1.0,0.3901130484767198,0.9474768280123584,0.0360192417863216,0.1739130434782608,0.4122137404580152,0.2234042553191488,0.8864037520802865,0.5441501103752759,15.4
0.0086171859510207,0.0,0.281524926686217,0.0,0.3148148148148147,0.562176662195823,0.9423274974253348,0.3023670307086542,0.1304347826086956,0.2290076335877862,0.8936170212765959,0.977406828382672,0.3054635761589404,18.4
0.0133373226984233,0.0,0.7855571847507332,0.0,0.4917695473251028,0.5297949798812033,0.976313079299691,0.1037928870863607,0.1304347826086956,0.4770992366412213,0.9148936170212764,1.0,0.2905629139072847,19.6
0.1130267906397086,0.0,0.6466275659824048,0.0,0.4094650205761315,0.6269400268250623,0.94129763130793,0.087170020642181,1.0,0.91412213740458,0.8085106382978724,0.2042715215089011,0.4955849889624724,14.1
0.1092264033625761,0.0,0.6466275659824048,0.0,0.7304526748971193,0.5451235868940408,0.9711637487126674,0.085069428657167,1.0,0.91412213740458,0.8085106382978724,0.9724141409047354,0.3031300248003706,17.1
0.0003161744176793,0.8250000000000001,0.0575513196480938,0.0,0.0617283950617283,0.4983713355048859,0.3656024716786817,0.4674408242322835,0.0434782608695652,0.3072519083969465,0.2234042553191488,0.9921075192899288,0.1572847682119205,24.1
0.0003141512610784,0.0,0.1733870967741935,0.0,0.2674897119341565,0.4422303123203678,0.446961894953656,0.372968745737435,0.1739130434782608,0.0706106870229007,0.8085106382978724,1.0,0.222682119205298,19.5
0.2327740579171288,0.0,0.3894425135464562,0.0,0.5637860082304528,0.1105575780800919,1.0,0.0044103338213496,1.0,0.91412213740458,0.8085106382978724,0.932724797014474,0.5963024282560707,11.9
0.0831469031991501,0.0,0.6466275659824048,0.0,0.4362139917695472,0.3939452002299292,0.9783728115345004,0.0295628768107375,1.0,0.91412213740458,0.8085106382978724,0.792576529325735,0.6807395143487858,17.2
0.0017133888457531,0.0,0.3793988269794722,0.0,0.0576131687242797,0.4598582103851313,0.1503604531410916,0.3780792768871227,0.1304347826086956,0.2251908396946564,0.7021276595744679,0.94966967572747,0.2248896247240618,21.7
0.0259366428278873,0.0,0.7008797653958945,0.0,0.4526748971193414,0.444337995784633,0.972193614830072,0.1144959033909556,0.1739130434782608,0.4122137404580152,0.2234042553191488,0.8770235513641635,0.2842163355408388,19.1
0.0106715890816082,0.0,0.281524926686217,0.0,0.3148148148148147,0.4763364629239316,0.8846549948506693,0.3022488155752985,0.1304347826086956,0.2290076335877862,0.8936170212765959,0.7717484492410106,0.429083885209713,14.8
0.0167472407515891,0.0,0.7008797653958945,0.0,1.0,0.3531327840582486,1.0,0.0420118397002791,0.1739130434782608,0.4122137404580152,0.2234042553191488,0.8605577689243029,0.3187086092715231,19.6
0.0098340022488509,0.0,0.7855571847507332,0.0,0.4917695473251028,0.3977773519831383,0.945417095777549,0.0773217906864662,0.1304347826086956,0.4770992366412213,0.9148936170212764,1.0,0.4583333333333333,14.3
0.0020727239375842,0.22,0.1979472140762463,0.0,0.0946502057613168,0.6049051542441081,0.1503604531410916,0.6089807127463195,0.2608695652173913,0.2729007633587786,0.6914893617021276,0.9920318725099602,0.1332781456953642,26.2
0.0015560322212416,0.0,0.3500733137829912,0.0,0.3333333333333333,0.4157884652232227,0.6416065911431514,0.1481872163973483,0.217391304347826,0.4675572519083968,0.5531914893617023,0.9863835796056282,0.3278145695364238,19.3
0.0897625128863835,0.0,0.6466275659824048,0.0,0.648148148148148,0.3753592642268634,1.0,0.0366921586992698,1.0,0.91412213740458,0.8085106382978724,1.0,0.3031300248003706,12.3
0.001624594750493,0.0,1.0,0.0,0.4609053497942387,0.3627131634412722,0.9248197734294542,0.0628631705298766,0.1304347826086956,1.0,0.7978723404255321,0.9954359776085532,0.45060706401766,15.2
0.0431986645368072,0.0,0.6466275659824048,1.0,0.7921810699588477,0.5430159034297758,0.9073120494335736,0.1250897980339914,1.0,0.91412213740458,0.8085106382978724,0.9859801301124614,0.3184326710816776,21.7
0.0035867194605635,0.0,0.7855571847507332,0.0,0.4917695473251028,0.5499137765855527,0.9876416065911432,0.0620993188989624,0.1304347826086956,0.4770992366412213,0.9148936170212764,1.0,0.3769315673289183,18.0
0.0004414977293439,0.0,0.4923020527859238,1.0,0.3395061728395062,0.4458708564859167,0.5468589083419155,0.1802780783675399,0.1739130434782608,0.1698473282442748,0.404255319148936,0.9896616067376066,0.3250551876379691,23.3
0.0478250616950365,0.0,0.3894425135464562,0.0,0.7921810699588477,0.4887909561218625,0.8074150360453141,0.1254444434340587,1.0,0.91412213740458,0.8085106382978724,0.984467194513087,0.3018763796909492,22.6
0.0059323447440864,0.2,0.1286656891495601,0.0,0.5390946502057613,0.7585744395478061,0.8908341915550979,0.0918622520892251,0.1739130434782608,0.1469465648854961,0.0425531914893617,0.9784910988955572,0.1525938189845474,43.1
0.0045640164963693,0.0,0.2104105571847507,0.0,0.2448559670781892,0.6901705307530178,0.7929969104016479,0.1896989151488146,0.3043478260869565,0.2290076335877862,0.5106382978723403,0.9374148973725352,0.1277593818984547,31.6
0.031606876394573,0.0,0.6466275659824048,0.0,0.3024691358024692,0.4217283004406974,0.3851699279093717,0.2699578972255818,1.0,0.91412213740458,0.8085106382978724,0.9899641938574816,0.2397902869757174,21.8
0.170517033405013,0.0,0.6466275659824048,0.0,0.7304526748971193,0.4964552596282813,1.0,0.0713473797161018,1.0,0.91412213740458,0.8085106382978724,0.0226940339906198,0.6821192052980132,8.7
0.000430482765628,0.25,0.1612903225806451,0.0,0.0843621399176954,0.5859360030657214,0.6951596292481977,0.3883912739044639,0.1304347826086956,0.1793893129770992,0.6808510638297873,0.9967976196479904,0.1514900662251655,23.9
0.0723585330226364,0.0,0.6466275659824048,0.0,0.4094650205761315,0.54876413105959,0.7404737384140061,0.097372895997963,1.0,0.91412213740458,0.8085106382978724,0.246179837611579,0.2842163355408388,16.1
0.0060492382365807,0.0,0.7855571847507332,0.0,0.4917695473251028,0.4962636520406208,0.9783728115345004,0.0490229064554556,0.1304347826086956,0.4770992366412213,0.9148936170212764,1.0,0.461644591611479,17.8
0.0021546617799192,0.0,0.3713343108504399,0.0,0.2139917695473251,0.5022034872580955,0.6757828889651752,0.2560539788485846,0.1304347826086956,0.1717557251908396,0.6382978723404256,0.991754500983408,0.2135761589403974,25.0
0.000455435030372,0.0,0.1081378299120234,0.0,0.2139917695473251,0.5472312703583061,0.6508753861997939,0.1784775709518136,0.0434782608695652,0.1583969465648855,0.5531914893617023,0.988098239951586,0.195364238410596,22.6
0.1247813304907233,0.0,0.6466275659824048,0.0,0.5823045267489712,0.2577122054033338,1.0,0.0040556884212823,1.0,0.91412213740458,0.8085106382978724,1.0,0.911699779249448,13.8
0.002425539969257,0.0,0.3500733137829912,0.0,0.3333333333333333,0.4849588043686529,0.9526261585993822,0.128981803962935,0.217391304347826,0.4675572519083968,0.5531914893617023,1.0,0.423841059602649,18.7
0.0011801746838368,0.0,1.0,0.0,0.4609053497942387,0.4640735773136616,0.8300720906282183,0.0891433040220426,0.1304347826086956,1.0,0.7978723404255321,1.0,0.3206401766004415,20.1
0.0706053554303996,0.0,0.6466275659824048,0.0,0.7304526748971193,0.5326690936961104,0.9629248197734296,0.0856968782111322,1.0,0.91412213740458,0.8085106382978724,0.801074184275556,0.4431567328918321,14.9
0.2657290309934103,0.0,0.6466275659824048,0.0,0.588477366255144,0.5401417896148687,0.96086508753862,0.0233247551582718,1.0,0.91412213740458,0.8085106382978724,1.0,0.6059602649006623,13.1
0.0006557275338575,0.7000000000000001,0.0652492668621701,0.0,0.0308641975308642,0.5334355240467522,0.1771369721936148,0.6090989278796752,0.1739130434782608,0.3263358778625954,0.2340425531914893,0.9277321095365374,0.0894039735099337,22.5
0.062658845892565,0.0,0.6466275659824048,0.0,0.6748971193415637,0.550871814523855,0.8753861997940269,0.1078667624512362,1.0,0.91412213740458,0.8085106382978724,0.2518281305159111,0.3998344370860927,14.3
0.0012170410930081,0.2,0.2382697947214076,0.0,0.1625514403292181,0.5704157884652233,0.5746652935118435,0.253516900217334,0.0869565217391304,0.0687022900763358,0.6382978723404256,0.9951081748953552,0.1655629139072847,24.4
0.0006726995697869,0.0,0.1019061583577712,0.0,0.154320987654321,0.4420387047327075,0.2358393408856848,0.3714683228909965,0.1304347826086956,0.4637404580152671,0.457446808510638,0.9635382520550708,0.227373068432671,19.3
0.0059647152497002,0.0,0.2104105571847507,0.0,0.2448559670781892,0.4636903621383407,0.6714727085478887,0.2311469595977048,0.3043478260869565,0.2290076335877862,0.5106382978723403,0.9532250743860003,0.2737306843267108,24.3
0.0002359225391784,0.0,0.2423020527859238,0.0,0.1728395061728393,0.5479977007089482,0.7826982492276005,0.3489619801944185,0.0434782608695652,0.1049618320610686,0.5531914893617023,1.0,0.2044701986754967,21.6
0.1114818857797717,0.0,0.6466275659824048,0.0,0.7304526748971193,0.515424410806668,0.9649845520082388,0.0971546526748447,1.0,0.91412213740458,0.8085106382978724,0.9788693327954008,0.4059050772626932,12.6
0.0006086329440929,0.0,0.0733137829912023,0.0,0.2119341563786007,0.4966468672159417,0.6786817713697219,0.1955187370986368,0.0869565217391304,0.0114503816793892,0.5531914893617023,0.9753139341368704,0.315121412803532,29.6
0.0002830171289429,0.95,0.0370234604105571,0.0,0.037037037037037,0.6541483042728492,0.1277033985581874,0.5932399130664098,0.0869565217391304,0.4103053435114503,0.4680851063829787,1.0,0.0780905077262693,34.9
0.0007031593163888,0.0,0.0733137829912023,0.0,0.2119341563786007,0.4949223989269976,0.6107106076210093,0.133519446389437,0.0869565217391304,0.0114503816793892,0.5531914893617023,1.0,0.2130242825607063,36.2
0.0126389964783587,0.0,0.281524926686217,0.0,0.3148148148148147,0.4123395286453343,0.9392378990731204,0.2822068037355982,0.1304347826086956,0.2290076335877862,0.8936170212765959,0.9073831257249484,0.5758830022075054,12.7
0.0028417482410901,0.0,0.7855571847507332,0.0,0.4917695473251028,0.4085073768921249,0.9588053553038104,0.0598986987241859,0.1304347826086956,0.4770992366412213,0.9148936170212764,0.9879217307983256,0.4266004415011037,16.2
0.0001391482151038,0.85,0.1352639296187683,0.0,0.0905349794238682,0.5662004215366928,0.2554067971163749,0.6734352408406006,0.1304347826086956,0.3129770992366411,0.5638297872340423,0.9887286297846588,0.1277593818984547,23.1
0.0006755095095104,0.0,0.1315982404692082,0.0,0.257201646090535,0.6321134316918952,0.7363542739443872,0.1623821258718366,0.1739130434782608,0.2080152671755724,0.4255319148936172,0.9858036209592012,0.1432119205298013,29.9
0.0257849060828226,0.0,0.7008797653958945,0.0,0.4526748971193414,0.5284537267675801,0.9598352214212152,0.0882430503141794,0.1739130434782608,0.4122137404580152,0.2234042553191488,0.7483231630440264,0.2585540838852097,23.8
0.0005002816683578,0.0,0.1733870967741935,0.0,0.2674897119341565,0.5278789040045985,0.3625128733264676,0.4845729250970728,0.1739130434782608,0.0706106870229007,0.8085106382978724,0.9818699884008272,0.1089955849889624,22.2
0.0010701374442676,0.0,0.4534457478005865,0.0,0.1069958847736625,0.5207894232611611,0.737384140061792,0.2657658067273504,0.1739130434782608,0.4026717557251908,0.6489361702127658,0.9413989611175552,0.282560706401766,20.0
0.0261287303073804,0.0,0.3894425135464562,0.0,1.0,0.3113623299482659,0.9361483007209064,0.0363738871863889,0.1739130434782608,0.4122137404580152,0.2234042553191488,0.8993645670482627,0.7337196467991169,17.8
0.0015998672809269,0.0,0.2969208211143695,0.0,0.2777777777777778,0.6066296225330524,0.7929969104016479,0.1498786021515154,0.1739130434782608,0.3759541984732824,0.8829787234042552,0.994603863028897,0.2121964679911699,27.5
0.0019407691681724,0.0,0.3383431085043988,0.0,0.4115226337448557,0.4041004023759341,0.266735324407827,0.1517700442852076,0.217391304347826,0.3893129770992365,0.7021276595744679,0.9908971708104292,0.4379139072847682,23.1
0.5746830275594392,0.0,0.6466275659824048,0.0,0.4362139917695472,0.4207702625023951,1.0,0.0257708990715565,1.0,0.91412213740458,0.8085106382978724,0.0057491552776236,0.2312362030905076,15.0
0.0008697325431932,0.45,0.1092375366568915,0.0,0.1069958847736625,0.6943858976815481,0.3707518022657055,0.3125517191208432,0.1739130434782608,0.4026717557251908,0.2765957446808509,1.0,0.1009933774834437,34.9
0.0159458459424695,0.0,0.7008797653958945,0.0,1.0,0.5650507760107301,1.0,0.0578617610417481,0.1739130434782608,0.4122137404580152,0.2234042553191488,0.9178223813606334,0.1561810154525386,23.3
0.2203305208459312,0.112119341563786,0.6466275659824048,0.0,0.588477366255144,0.7189116689020886,0.9783728115345004,0.016977511844247,1.0,0.91412213740458,0.8085106382978724,1.0,0.3231236203090507,15.0
0.0036431430502098,0.0,0.2104105571847507,0.0,0.2510288065843621,0.4838091588426901,0.6035015447991761,0.2293646391255717,0.3043478260869565,0.2290076335877862,0.5106382978723403,0.9491905794543346,0.2524834437086093,24.0
0.0004123867538092,0.8,0.0531524926686217,0.0,0.0576131687242797,0.4027591492623109,0.1956745623069001,0.85988778655803,0.1304347826086956,0.2805343511450381,1.0,0.9644460134146956,0.1743929359823399,18.2
0.0041526413208604,0.0,0.3713343108504399,1.0,0.2139917695473251,0.3531327840582486,0.8825952626158599,0.230555883930926,0.1304347826086956,0.1717557251908396,0.6382978723404256,0.9958142115083968,0.613962472406181,19.3
8.41857941136933e-05,0.8,0.0,0.0,0.0761316872427982,0.8265951331672735,0.2996910401647786,0.4109158035446352,0.1304347826086956,0.1297709923664122,0.1914893617021276,0.9932674365827828,0.0342163355408388,50.0
0.1119504713280494,0.0,0.6466275659824048,0.0,0.7304526748971193,0.5602605863192184,1.0,0.0771853886095172,1.0,0.91412213740458,0.8085106382978724,0.9743557415905996,0.4724061810154525,15.4
0.0791739856229996,0.0,0.6466275659824048,0.0,0.47119341563786,0.4870664878329181,0.6757828889651752,0.0811319553692404,1.0,0.91412213740458,0.8085106382978724,0.0055474305310403,0.5949227373068433,13.4
9.767350478611417e-05,0.8,0.0568181818181818,0.0,0.1028806584362139,0.5890017244682889,0.2760041194644696,0.6560394292937101,0.1304347826086956,0.1774809160305343,0.4680851063829787,0.9849715063795452,0.1175496688741722,24.5
0.0015141079205681,0.0,0.3894425135464562,0.0,0.1069958847736625,0.4270933128951907,0.5674562306900103,0.4719875601305822,0.1304347826086956,0.1946564885496183,0.3617021276595744,1.0,0.3893487858719646,20.3
0.0060040544058281,0.2,0.1286656891495601,0.0,0.3909465020576129,0.7489940601647825,0.5118434603501545,0.15844465258391,0.1739130434782608,0.1469465648854961,0.0425531914893617,0.9833577084068787,0.0394591611479028,43.5
0.0002644715267683,0.0,0.063049853372434,0.0,0.1502057613168724,0.5497221689978923,0.5746652935118435,0.4485445898389545,0.0869565217391304,0.0667938931297709,0.6489361702127658,0.9929900650562308,0.0960264900662251,28.7
0.0024228424271225,0.2,0.2382697947214076,1.0,0.1625514403292181,0.7913393370377467,0.5036045314109165,0.2943465885840555,0.0869565217391304,0.0687022900763358,0.6382978723404256,0.9845428412930556,0.1338300220750551,35.2
0.0003524788389059,0.8,0.0388563049853372,0.0,0.0390946502057613,0.7114389729833303,0.364572605561277,0.5619219961989289,0.0434782608695652,0.2709923664122137,0.0,0.988148671138232,0.134933774834437,34.6
0.0005786227878468,0.0,0.0733137829912023,0.0,0.2119341563786007,0.6551063422111517,0.5715756951596292,0.1545344597113732,0.0869565217391304,0.0114503816793892,0.5531914893617023,1.0,0.091335540838852,37.2
0.0068380445157394,0.0,0.2104105571847507,0.0,0.2510288065843621,0.5857443954780609,0.8022657054582903,0.1948276332420955,0.3043478260869565,0.2290076335877862,0.5106382978723403,1.0,0.1619757174392936,30.1
0.0372567659976612,0.0,0.7008797653958945,1.0,1.0,0.3529411764705882,1.0,0.0174594658494666,0.1739130434782608,0.4122137404580152,0.2234042553191488,1.0,0.6923289183222958,13.4
0.011038679607076,0.0,0.281524926686217,0.0,0.3148148148148147,0.4315002874113814,1.0,0.2696759995998872,0.1304347826086956,0.2290076335877862,0.8936170212765959,0.994049119975793,0.5008278145695364,14.5
0.0017766686883246,0.22,0.1979472140762463,0.0,0.0946502057613168,0.5502969917608737,0.4757981462409887,0.6089807127463195,0.2608695652173913,0.2729007633587786,0.6914893617021276,0.9440465984164608,0.2149558498896246,24.5
0.0155296376706364,0.0,0.281524926686217,0.0,0.3148148148148147,0.457750526920866,0.8146240988671473,0.260109667269867,0.1304347826086956,0.2290076335877862,0.8936170212765959,0.5857078017045741,0.7168874172185431,13.2
0.0009741499033155,0.0,0.9233870967741936,0.0,0.4032921810699587,0.4598582103851313,0.9268795056642636,0.0870518055088252,0.0434782608695652,0.0019083969465648,0.6914893617021276,0.9525694689596046,0.4470198675496688,20.5
0.0827335048670404,0.0,0.6466275659824048,0.0,0.6049382716049384,0.5043111707223605,0.7744593202883624,0.0732933826805736,1.0,0.91412213740458,0.8085106382978724,0.2431035352261839,0.5460816777041941,11.0
0.0011270106242696,0.112119341563786,0.0531524926686217,0.0,0.0576131687242797,0.4550680206936194,0.6757828889651752,0.85988778655803,0.1304347826086956,0.2805343511450381,1.0,0.947400272328408,0.1059602649006622,20.6
0.0003741715735707,0.0,0.1733870967741935,0.0,0.2674897119341565,0.474420387047327,0.325437693099897,0.4415517100273713,0.1739130434782608,0.0706106870229007,0.8085106382978724,1.0,0.173289183222958,21.1
0.0036360620021067,0.112119341563786,0.3894425135464562,0.0,0.4917695473251028,0.4332247557003258,0.9526261585993822,0.1218798024897925,0.1304347826086956,0.4770992366412213,0.9148936170212764,0.9792979978818902,0.3669977924944812,18.4
0.0017201327010894,0.0,0.2364369501466275,0.0,0.1296296296296296,0.5077601073002492,0.0370751802265705,0.4175085705971683,0.0869565217391304,0.0877862595419847,0.5638297872340423,0.9938473952292096,0.157560706401766,24.7
0.0423588297522712,0.0,0.3894425135464562,0.0,0.5555555555555557,0.4581337420961869,0.8424304840370752,0.158399185224927,1.0,0.91412213740458,0.8085106382978724,0.0546926219173937,0.4254966887417218,19.0
0.1888895432926289,0.0,0.6466275659824048,0.0,0.648148148148148,0.3287986204253689,0.98043254376931,0.0269621438769107,1.0,0.91412213740458,0.8085106382978724,1.0,0.8024282560706402,7.2
0.125369169880863,0.0,0.6466275659824048,0.0,0.7304526748971193,0.5878520789423259,0.944387229660144,0.0904891378479389,1.0,0.91412213740458,0.8085106382978724,0.2761863936658429,0.5943708609271523,13.4
0.0074810711220471,0.0,0.281524926686217,0.0,0.3148148148148147,0.4315002874113814,0.9001029866117405,0.3230364921023197,0.1304347826086956,0.2290076335877862,0.8936170212765959,0.9495183821675324,0.3609271523178808,16.6
0.002500171968311,0.0,0.2969208211143695,0.0,0.2777777777777778,0.5449319793063806,0.8496395468589084,0.1441406214478626,0.1739130434782608,0.3759541984732824,0.8829787234042552,0.1777195017398759,0.2455849889624724,18.6
0.0013507942238429,0.25,0.1711876832844574,0.0,0.139917695473251,0.6133358881011687,0.4170957775489186,0.6230210332002656,0.3043478260869565,0.1851145038167939,0.7553191489361701,0.9966715416813756,0.2144039735099338,25.0
0.0639028624069179,0.0,0.6466275659824048,0.0,0.4074074074074073,0.4891741712971834,0.791967044284243,0.2197255590211786,1.0,0.91412213740458,0.8085106382978724,0.9893590196177316,0.3656181015452538,19.1
0.098750273688129,0.0,0.6466275659824048,0.0,0.4094650205761315,0.3839816056715847,0.6972193614830071,0.0849239331084214,1.0,0.91412213740458,0.8085106382978724,0.0083967925765293,0.4257726269315673,11.7
0.0001210522032849,0.9,0.0571847507331378,0.0,0.0514403292181069,0.6068212301207127,0.3419155509783728,1.0,0.1739130434782608,0.0,0.4680851063829787,0.9686318019062988,0.0764348785871964,30.1
0.0009980905897591,0.0,0.4534457478005865,0.0,0.1069958847736625,0.5221306763747843,0.4335736354273944,0.3067228036992243,0.1739130434782608,0.4026717557251908,0.6489361702127658,0.9655302839275808,0.1989514348785871,21.4
0.001361359597203,0.0,0.2364369501466275,0.0,0.1296296296296296,0.6148687488024526,0.0,0.4175085705971683,0.0869565217391304,0.0877862595419847,0.5638297872340423,0.9710272832719756,0.0858167770419426,26.6
0.0015059028965757,0.22,0.1979472140762463,0.0,0.0946502057613168,0.5606438014945393,0.1040164778578784,0.5698969709645446,0.2608695652173913,0.2729007633587786,0.6914893617021276,0.9984366332139796,0.1150662251655629,24.4
0.0014195815482722,0.0,0.2969208211143695,0.0,0.2777777777777778,0.4387813757424793,0.9660144181256436,0.0888704998681446,0.1739130434782608,0.3759541984732824,0.8829787234042552,0.9928135559029704,0.4067328918322295,19.5
0.0045115268223358,0.0,0.2104105571847507,1.0,0.2510288065843621,0.4987545506802068,0.9104016477857878,0.1744491629459211,0.3043478260869565,0.2290076335877862,0.5106382978723403,0.9958142115083968,0.5444260485651213,21.7
0.2814410899508912,0.0,0.6466275659824048,0.0,0.6337448559670781,0.4648400076643034,1.0,0.0417572224899744,1.0,0.91412213740458,0.8085106382978724,1.0,0.6909492273730684,5.6
0.0001018322155767,0.9,0.1206011730205278,0.0,0.0185185185185184,0.745928338762215,0.3223480947476828,0.4734516090898344,0.0869565217391304,0.1087786259541984,0.3510638297872339,0.973372333451006,0.0380794701986755,44.0
0.0405255573143789,0.0,0.2104105571847507,1.0,0.2510288065843621,0.5882352941176471,0.7579814624098867,0.2744773527084905,0.3043478260869565,0.2290076335877862,0.5106382978723403,0.9786928236421404,0.2155077262693156,25.1
0.0010359685772308,0.0,0.9233870967741936,0.0,0.4032921810699587,0.4441463881969726,0.956745623069001,0.0797224672407678,0.0434782608695652,0.0019083969465648,0.6914893617021276,0.95582228049826,0.4373620309050772,18.8
0.001889853060384,0.112119341563786,0.3713343108504399,1.0,0.2139917695473251,0.4596666027974708,0.9186405767250256,0.2498431376115087,0.1304347826086956,0.1717557251908396,0.6382978723404256,0.9907963084371376,0.4288079470198675,21.7
0.2078442726909376,0.0,0.6466275659824048,0.0,0.5823045267489712,0.1105575780800919,1.0,0.0006729169129481,1.0,0.91412213740458,0.8085106382978724,1.0,0.9999999999999998,13.8
0.0035062427868847,0.0,0.3460410557184751,0.0,0.3271604938271605,0.4508526537650891,0.6757828889651752,0.2608917058443743,0.1304347826086956,0.2232824427480915,0.6170212765957446,0.9843663321397952,0.4580573951434878,17.8
0.0004833096324284,0.33,0.063049853372434,0.0,0.1790123456790122,0.6300057482276299,0.694129763130793,0.1866980694559376,0.2608695652173913,0.0667938931297709,0.6170212765957446,1.0,0.1600441501103753,28.2
0.0137816303674906,0.0,0.281524926686217,0.0,0.3148148148148147,0.4945391837516767,0.9145211122554068,0.2589184224645127,0.1304347826086956,0.2290076335877862,0.8936170212765959,1.0,0.4688189845474613,15.2
0.1048958366584286,0.0,0.6466275659824048,0.0,0.6049382716049384,0.5401417896148687,0.6757828889651752,0.0762578544862643,1.0,0.91412213740458,0.8085106382978724,0.1523021836703817,0.6167218543046358,9.5
8.182544474601967e-05,0.75,0.1297653958944281,0.0,0.0514403292181069,0.4458708564859167,0.4603501544799177,0.5628949976811648,0.0869565217391304,0.5381679389312977,0.9042553191489362,1.0,0.3606512141280353,18.9
0.0007043956898671,0.0,0.9233870967741936,0.0,0.4032921810699587,0.4424219199080282,0.6879505664263645,0.1025834553374132,0.0434782608695652,0.0019083969465648,0.6914893617021276,0.980457915174744,0.3487858719646798,22.0
0.0405255573143789,0.0,0.6466275659824048,0.0,0.6748971193415637,0.60164782525388,0.8970133882595263,0.1334830725022506,1.0,0.91412213740458,0.8085106382978724,0.6427706893943215,0.4053532008830022,16.4
1.0,0.0,0.6466275659824048,0.0,0.588477366255144,0.652807051159226,0.9165808444902164,0.0260891705844374,1.0,0.91412213740458,0.8085106382978724,1.0,0.4271523178807947,10.4
0.0012492992010329,0.125,0.2716275659824047,0.0,0.2860082304526748,0.469055374592834,0.82389289392379,0.4635033509443571,0.1739130434782608,0.2366412213740458,0.2765957446808509,1.0,0.3184326710816776,18.9
0.0006502200519996,0.0,0.2016129032258064,0.0,0.2345679012345679,0.454493197930638,0.6725025746652935,0.2028480753666942,0.1739130434782608,0.1755725190839694,0.7021276595744679,1.0,0.3031300248003706,18.9
0.0327940197289239,0.0,0.7008797653958945,0.0,0.4526748971193414,0.4866832726575972,0.9279093717816684,0.1049204775891387,0.1739130434782608,0.4122137404580152,0.2234042553191488,0.6047707902566948,0.2229580573951435,25.0
0.0049633651298619,0.0,0.2104105571847507,1.0,0.2510288065843621,0.6064380149453917,0.654994850669413,0.2293646391255717,0.3043478260869565,0.2290076335877862,0.5106382978723403,0.907458772504917,0.1743929359823399,29.0
0.0018401733260739,0.125,0.2716275659824047,0.0,0.2860082304526748,0.4680973366545314,0.8547888774459321,0.4967308968891233,0.1739130434782608,0.2366412213740458,0.2765957446808509,0.9743053104039536,0.4241169977924945,18.9
0.000772283833585,0.33,0.063049853372434,0.0,0.1790123456790122,0.739413680781759,0.7106076210092689,0.1791050205057789,0.2608695652173913,0.0667938931297709,0.6170212765957446,1.0,0.1307947019867549,33.4
0.0029567309745725,0.0,0.3460410557184751,0.0,0.3271604938271605,0.5182985246215751,0.8228630278063851,0.1939819403650119,0.1304347826086956,0.2232824427480915,0.6170212765957446,0.9911493267436584,0.1702538631346578,21.6
0.0005796343661472,0.125,0.2056451612903226,0.0,0.0493827160493826,0.4439547806093121,0.1905252317198764,0.4881739399285253,0.1304347826086956,0.3015267175572518,0.6702127659574466,0.9982601240607192,0.1757726269315673,22.0
0.0405255573143789,0.0,0.6466275659824048,0.0,0.4094650205761315,0.5340103468097336,0.8568486096807414,0.083941838154389,1.0,0.91412213740458,0.8085106382978724,0.2096172272933582,0.4390176600441501,14.5
0.2539149204202591,0.0,0.6466275659824048,0.0,0.648148148148148,0.2757233186434182,0.8918640576725025,0.03535541834517,1.0,0.91412213740458,0.8085106382978724,1.0,0.8349889624724061,7.4
0.0182344856484014,0.0,0.7855571847507332,0.0,0.4917695473251028,0.2793638628089672,1.0,0.0281715756258582,0.1304347826086956,0.4770992366412213,0.9148936170212764,1.0,0.9017660044150108,14.4
0.0001482524198076,0.175,0.033724340175953,0.0,0.0639917695473251,0.6788656830810501,0.5829042224510813,0.735961952914003,0.0869565217391304,0.0553435114503816,0.6382978723404256,0.9907710928438146,0.1743929359823399,33.0
0.0002356977440005,0.0,0.2423020527859238,0.0,0.1728395061728393,0.6943858976815481,0.5993820803295572,0.3489619801944185,0.0434782608695652,0.1049618320610686,0.5531914893617023,0.9897372535175752,0.0634657836644591,34.7
0.0001498259860528,0.8,0.0476539589442815,0.0,0.0,0.5114006514657982,0.6757828889651752,0.7238039811219527,0.0,0.1030534351145037,0.5957446808510638,0.8605577689243029,0.3090507726269315,20.1
0.0002521077919853,0.28,0.5344574780058651,0.0,0.1625514403292181,0.5077601073002492,0.2677651905252317,0.2306377251770953,0.1304347826086956,0.1583969465648855,0.5957446808510638,0.998562711180594,0.1236203090507726,25.0
0.0080867817288277,0.0,0.281524926686217,0.0,0.3148148148148147,0.4150220348725809,0.685890834191555,0.2425137993434513,0.1304347826086956,0.2290076335877862,0.8936170212765959,0.984996721972868,0.2635209713024282,18.2
0.0004164330670109,0.21,0.3894425135464562,0.0,0.111111111111111,0.4893657788848439,0.6189495365602471,0.5169729651083488,0.1304347826086956,0.1068702290076335,0.4468085106382979,0.9926118311563872,0.2124724061810154,20.5
0.1620152797778304,0.0,0.6466275659824048,0.0,0.7304526748971193,0.5556620042153669,0.9309989701338826,0.0793860087842937,1.0,0.91412213740458,0.8085106382978724,0.0685107670583488,0.4503311258278146,9.6
0.0006847261118032,0.0,0.1019061583577712,0.0,0.154320987654321,0.5311362329948267,0.1472708547888774,0.3714683228909965,0.1304347826086956,0.4637404580152671,0.457446808510638,0.9453073780826062,0.1548013245033112,22.6
0.0016259435215603,0.0,0.3500733137829912,0.0,0.3333333333333333,0.4713546656447595,0.8208032955715756,0.1471141867253498,0.217391304347826,0.4675572519083968,0.5531914893617023,0.9939734731958244,0.2364790286975717,19.2
0.02667217264989,0.0,0.7008797653958945,0.0,1.0,0.492239892699751,1.0,0.0263256008511489,0.1739130434782608,0.4122137404580152,0.2234042553191488,0.435195925160119,0.7193708609271523,13.8
0.0013628207658591,0.3,0.1638563049853372,0.0,0.088477366255144,0.5426326882544549,0.0504634397528321,0.5370513508352355,0.217391304347826,0.215648854961832,0.4255319148936172,0.9440465984164608,0.0954746136865342,23.7
0.2007463649495762,0.0,0.6466275659824048,0.0,0.588477366255144,0.5100593983521747,1.0,0.0233247551582718,1.0,0.91412213740458,0.8085106382978724,0.9920318725099602,0.5532560706401766,10.2
0.0007327198822792,0.0,0.1477272727272727,0.0,0.1316872427983538,0.4905154244108066,0.5550978372811534,0.2380670916349153,0.0869565217391304,0.1145038167938931,0.6276595744680851,0.9955872711684906,0.3031300248003706,22.2
0.0400400674925042,0.0,0.6466275659824048,0.0,0.4012345679012344,0.5510634221115157,0.7425334706488156,0.1606725531740763,1.0,0.91412213740458,0.8085106382978724,0.9910988955570124,0.3485099337748344,23.2
0.1749960773241461,0.0,0.6466275659824048,0.0,0.4012345679012344,0.4531519448170148,0.7013388259526261,0.1617546763178713,1.0,0.91412213740458,0.8085106382978724,0.928992889202683,0.4525386313465783,19.1
0.0009481860602711,0.45,0.1092375366568915,0.0,0.1069958847736625,0.6495497221689978,0.1915550978372811,0.4865189280615447,0.1739130434782608,0.4026717557251908,0.2765957446808509,0.9515356296333654,0.0929911699779249,37.0
0.0021251012140288,0.0,0.3793988269794722,0.0,0.0576131687242797,0.514274765280705,0.0339855818743563,0.3780792768871227,0.1304347826086956,0.2251908396946564,0.7021276595744679,0.9502496343738968,0.3031300248003706,23.4
0.2786940928772748,0.0,0.6466275659824048,0.0,0.6337448559670781,0.3425943667369228,0.9588053553038104,0.0521237803380952,1.0,0.91412213740458,0.8085106382978724,1.0,0.4977924944812361,8.3
0.0405255573143789,0.525,0.1781524926686217,0.0,0.0411522633744856,0.5276872964169382,0.4397528321318229,0.5626676608862498,0.217391304347826,0.2022900763358778,0.4255319148936172,1.0,0.1619757174392936,22.3
0.1687883584871644,0.0,0.6466275659824048,0.0,0.47119341563786,0.3339720252922017,0.972193614830072,0.0883067046167556,1.0,0.91412213740458,0.8085106382978724,0.8804276564627567,0.63962472406181,12.0
0.0004935378130216,0.35,0.2052785923753665,0.0,0.1088477366255143,0.4109982755317111,0.262615859938208,0.5011503241822696,0.0,0.2232824427480915,0.457446808510638,0.9927379091230016,0.2952538631346578,17.1
0.0019277310478557,0.0,0.3383431085043988,0.0,0.4115226337448557,0.3847480360222265,0.7270854788877446,0.1155143722321745,0.217391304347826,0.3893129770992365,0.7021276595744679,0.9971506379545112,0.3689293598233995,17.5
0.0006203222933424,0.0,0.1733870967741935,0.0,0.2674897119341565,0.4611994634987545,0.572605561277034,0.3348761923814893,0.1739130434782608,0.0706106870229007,0.8085106382978724,1.0,0.2086092715231787,18.7
0.0031834369114581,0.0,0.3713343108504399,0.0,0.2139917695473251,0.3546656447595325,0.0710607621009268,0.2235084432885631,0.1304347826086956,0.1717557251908396,0.6382978723404256,0.8790407988299965,0.7676600441501105,23.7
0.0006270661486786,0.112119341563786,0.0289589442815249,0.0,0.0905349794238682,0.5612186242575207,0.427394438722966,0.6967872764142622,0.0,0.282442748091603,0.7553191489361701,1.0,0.3031300248003706,22.9
0.0788611831329883,0.0,0.6466275659824048,0.0,0.685185185185185,0.4684805518298526,0.9515962924819772,0.0677463648846493,1.0,0.91412213740458,0.8085106382978724,0.8060416561601695,0.385485651214128,14.2
0.0509790504381932,0.0,0.6466275659824048,0.0,0.7921810699588477,0.5435907261927572,0.8764160659114315,0.126271949367549,1.0,0.91412213740458,0.8085106382978724,0.9436683645166172,0.1672185430463576,25.0
0.0030712641176991,0.0,0.3383431085043988,0.0,0.4115226337448557,0.4531519448170148,0.4088568486096808,0.1138593603651938,0.217391304347826,0.3893129770992365,0.7021276595744679,1.0,0.3272626931567329,24.5
0.0069806770561003,0.0,0.281524926686217,0.0,0.3148148148148147,0.4355240467522513,0.5520082389289392,0.3063590648273604,0.1304347826086956,0.2290076335877862,0.8936170212765959,0.9967724040546674,0.1859823399558499,19.9
0.0073866571473402,0.2,0.1286656891495601,0.0,0.5390946502057613,0.722743820655298,1.0,0.0695650592439687,0.1739130434782608,0.1469465648854961,0.0425531914893617,0.9656815774875184,0.1672185430463576,36.0
0.0016649454849214,0.25,0.1711876832844574,0.0,0.139917695473251,0.4951140065146578,0.2708547888774459,0.6079167765461176,0.3043478260869565,0.1851145038167939,0.7553191489361701,0.9843159009531496,0.1415562913907284,23.3
0.0012138939605178,0.0,0.2969208211143695,0.0,0.2777777777777778,0.6169764322667176,0.7044284243048403,0.156998790568251,0.1739130434782608,0.3759541984732824,0.8829787234042552,0.9966715416813756,0.1639072847682119,26.5
0.0037485719886325,0.22,0.1979472140762463,0.0,0.0946502057613168,0.4880245257712204,0.329557157569516,0.6298047631605271,0.2608695652173913,0.2729007633587786,0.6914893617021276,0.983055121287004,0.2050220750551876,24.3
0.0011420719011872,0.0,0.2969208211143695,0.0,0.2777777777777778,0.5046943858976817,0.5303810504634398,0.1498786021515154,0.1739130434782608,0.3759541984732824,0.8829787234042552,0.9914014826768874,0.3109823399558499,21.7
0.0032805484282995,0.0,0.2104105571847507,0.0,0.2448559670781892,0.7903812990994444,0.1452111225540679,0.2041939091925906,0.3043478260869565,0.2290076335877862,0.5106382978723403,0.9511069645468758,0.3031300248003706,46.7
0.0014524016442418,0.125,0.2056451612903226,0.0,0.0493827160493826,0.3895382257137384,0.349124613800206,0.4881739399285253,0.1304347826086956,0.3015267175572518,0.6702127659574466,1.0,0.3134657836644591,17.4
0.0001288076369216,0.95,0.0370234604105571,0.0,0.037037037037037,0.6848055182985245,0.1132852729145211,0.5932399130664098,0.0869565217391304,0.4103053435114503,0.4680851063829787,0.9682283524131324,0.0750551876379691,32.9
0.0405255573143789,0.8,0.0388563049853372,0.0,0.0390946502057613,0.7139298716229162,0.3213182286302781,0.5619219961989289,0.0434782608695652,0.2709923664122137,0.0,1.0,0.0648454746136865,33.3
0.0904741020219427,0.0,0.6466275659824048,0.0,0.4094650205761315,0.3575397585744394,0.9526261585993822,0.1182333202993571,1.0,0.91412213740458,0.8085106382978724,0.8882444903928589,0.4528145695364238,13.8
0.134256447238099,0.0,0.6466275659824048,0.0,0.5637860082304528,0.3922207319409848,1.0,0.0141494421155052,1.0,0.91412213740458,0.8085106382978724,0.8365777396742144,0.3031300248003706,27.9
0.00287029722868,0.0,0.3460410557184751,0.0,0.3271604938271605,0.4717378808200804,0.9011328527291452,0.154989133301203,0.1304347826086956,0.2232824427480915,0.6170212765957446,0.9984870644006254,0.2756622516556291,19.4
0.0125914522982384,0.0,0.7008797653958945,0.0,1.0,0.2780226096953438,0.8764160659114315,0.0437032254544462,0.1739130434782608,0.4122137404580152,0.2234042553191488,0.8647939886025517,0.2866997792494481,15.3
0.0007342934485243,0.0,0.9233870967741936,0.0,0.4032921810699587,0.4680973366545314,0.8362512873326466,0.0971000918440651,0.0434782608695652,0.0019083969465648,0.6914893617021276,0.9515104140400424,0.3460264900662251,20.3
0.00111745682921,0.0,1.0,0.0,0.4609053497942387,0.4640735773136616,0.9876416065911432,0.0671552892178705,0.1304347826086956,1.0,0.7978723404255321,0.9828786121337436,0.4508830022075055,13.6
0.0012023170088573,0.3,0.1638563049853372,0.0,0.088477366255144,0.6392029124353326,0.529351184346035,0.4734516090898344,0.217391304347826,0.215648854961832,0.4255319148936172,0.9857531897725552,0.266280353200883,22.0
0.0024509418243567,0.0,0.3383431085043988,0.0,0.4115226337448557,0.4725043111707224,0.7909371781668383,0.1244532550082296,0.217391304347826,0.3893129770992365,0.7021276595744679,1.0,0.347682119205298,16.8
0.0005735648963446,0.0,0.1477272727272727,0.0,0.1316872427983538,0.5880436865299866,0.5478887744593203,0.3008211405032328,0.0869565217391304,0.1145038167938931,0.6276595744680851,0.988400827071461,0.1324503311258278,26.6
0.0012870647909157,0.0,0.0890762463343108,0.0,0.1234567901234567,0.8637670051734051,0.752832131822863,0.2151151688203039,0.0434782608695652,0.1698473282442748,0.574468085106383,1.0,0.0684326710816777,38.7
0.1610362967781905,0.0,0.6466275659824048,0.0,0.648148148148148,0.2527304081241617,1.0,0.0418208767925506,1.0,0.91412213740458,0.8085106382978724,0.9395330072116598,0.7971854304635762,10.2
0.0016072855217968,0.25,0.1711876832844574,0.0,0.139917695473251,0.4177045410998276,0.6519052523171988,0.5543198537769736,0.3043478260869565,0.1851145038167939,0.7553191489361701,0.995486408795199,0.315121412803532,18.7
0.0008783871575414,0.0,0.1315982404692082,0.0,0.257201646090535,0.4403142364437632,0.6776519052523172,0.1429766570578981,0.1739130434782608,0.2080152671755724,0.4255319148936172,0.9907458772504918,0.2182671081677704,22.6
0.001085535913952,0.3,0.1638563049853372,0.0,0.088477366255144,0.5359264226863384,0.5149330587023686,0.5370513508352355,0.217391304347826,0.215648854961832,0.4255319148936172,0.9391043421251702,0.2618653421633554,22.2
0.1245486674816241,0.0,0.6466275659824048,0.0,0.685185185185185,0.5460816248323433,1.0,0.0663186898125835,1.0,0.91412213740458,0.8085106382978724,0.8029401381814514,0.3667218543046357,16.7
0.0006176247512079,0.4,0.2181085043988269,1.0,0.1275720164609053,0.6255987737114389,0.2543769309989702,0.3394774891105675,0.1304347826086956,0.1278625954198473,0.5319148936170215,0.9913006203035958,0.3031300248003706,33.1
